latin_name,activity_type,study_name,trial_number,state,objective_value,mean_auc,std_auc,stability_penalty,stability_penalty_score,feature_penalty,target_features,n_features,excess_features,feature_penalty_score,mean_abs_correlation,correlation_penalty,correlation_penalty_score
Myotis daubentonii,In flight,sdm_tuning_Myotis_daubentonii_In_flight,0,COMPLETE,-0.097908725501809,0.6856022076228488,0.023949018956861873,0.25,0.005987254739215468,0.001,10,37,27,0.766,0.23047356770884736,0.05,0.011523678385442368
Myotis daubentonii,In flight,sdm_tuning_Myotis_daubentonii_In_flight,1,COMPLETE,-0.27315301543666837,0.7629041573697027,0.09563709743359035,0.25,0.023909274358397587,0.001,10,41,31,1.002,0.20295796895947002,0.05,0.010147898447973501
Myotis daubentonii,In flight,sdm_tuning_Myotis_daubentonii_In_flight,2,COMPLETE,0.03301010628716894,0.8224555249460801,0.05200576476365305,0.25,0.013001441190913263,0.001,10,37,27,0.766,0.20887954935995715,0.05,0.010443977467997858
Myotis daubentonii,In flight,sdm_tuning_Myotis_daubentonii_In_flight,3,COMPLETE,-0.16908759353896854,0.8094442383824494,0.11499810810305917,0.25,0.028749527025764793,0.001,10,40,30,0.9400000000000001,0.19564609791306067,0.05,0.009782304895653035
Myotis daubentonii,In flight,sdm_tuning_Myotis_daubentonii_In_flight,4,COMPLETE,0.03719844204734448,0.7841506031591187,0.09796693604162099,0.25,0.024491734010405247,0.001,10,36,26,0.7120000000000001,0.20920854202737663,0.05,0.010460427101368831
Myotis daubentonii,In flight,sdm_tuning_Myotis_daubentonii_In_flight,5,COMPLETE,0.04292344458541358,0.839317970220454,0.08124268169753446,0.25,0.020310670424383614,0.001,10,37,27,0.766,0.20167710421313506,0.05,0.010083855210656753
Myotis daubentonii,In flight,sdm_tuning_Myotis_daubentonii_In_flight,6,COMPLETE,-0.29994852567971153,0.7915800821278706,0.05045844530281298,0.25,0.012614611325703245,0.001,10,42,32,1.066,0.25827992963757435,0.05,0.012913996481878718
Myotis daubentonii,In flight,sdm_tuning_Myotis_daubentonii_In_flight,7,COMPLETE,0.23511937450960818,0.7477411875954627,0.11590784519154343,0.25,0.028976961297885857,0.001,10,31,21,0.472,0.2328970357593739,0.05,0.011644851787968695
Myotis daubentonii,In flight,sdm_tuning_Myotis_daubentonii_In_flight,8,COMPLETE,0.045105424729869954,0.738992578966306,0.09202106998681218,0.25,0.023005267496703046,0.001,10,35,25,0.66,0.21763773479465884,0.05,0.010881886739732942
Myotis daubentonii,In flight,sdm_tuning_Myotis_daubentonii_In_flight,9,COMPLETE,0.26489451584987256,0.8559776212476584,0.07501897558536902,0.25,0.018754743896342255,0.001,10,33,23,0.562,0.20656723002887162,0.05,0.010328361501443582
Myotis daubentonii,In flight,sdm_tuning_Myotis_daubentonii_In_flight,10,COMPLETE,-0.04157595451117074,0.8100365364477439,0.07625938616121161,0.25,0.019064846540302903,0.001,10,38,28,0.8220000000000001,0.2109528883722322,0.05,0.01054764441861161
Myotis daubentonii,In flight,sdm_tuning_Myotis_daubentonii_In_flight,11,COMPLETE,0.4250650985383846,0.8112443931588308,0.09098835224640903,0.25,0.022747088061602257,0.001,10,28,18,0.35200000000000004,0.22864413117687765,0.05,0.011432206558843883
Myotis daubentonii,In flight,sdm_tuning_Myotis_daubentonii_In_flight,12,COMPLETE,0.08433052755695705,0.8309288277166115,0.09559657297158787,0.25,0.023899143242896968,0.001,10,36,26,0.7120000000000001,0.21398313833514707,0.05,0.010699156916757354
Myotis daubentonii,In flight,sdm_tuning_Myotis_daubentonii_In_flight,13,COMPLETE,0.17843177798555526,0.8134003239612055,0.055013625384326255,0.25,0.013753406346081564,0.001,10,34,24,0.6100000000000001,0.22430279259137226,0.05,0.011215139629568613
Myotis daubentonii,In flight,sdm_tuning_Myotis_daubentonii_In_flight,14,COMPLETE,-0.13774497023468202,0.773778286325331,0.07925780099670009,0.25,0.01981445024917502,0.001,10,39,29,0.88,0.23417612621675848,0.05,0.011708806310837925
Myotis daubentonii,In flight,sdm_tuning_Myotis_daubentonii_In_flight,15,COMPLETE,0.046097903169766814,0.7779381190308641,0.03618016759412847,0.25,0.009045041898532117,0.001,10,36,26,0.7120000000000001,0.21590347925130027,0.05,0.010795173962565014
Myotis daubentonii,In flight,sdm_tuning_Myotis_daubentonii_In_flight,16,COMPLETE,-0.6758208918679092,0.761612215627089,0.04361639047561972,0.25,0.01090409761890493,0.001,10,47,37,1.416,0.21058019752186657,0.05,0.010529009876093329
Myotis daubentonii,In flight,sdm_tuning_Myotis_daubentonii_In_flight,17,COMPLETE,-0.18214542585304164,0.7343815543401838,0.1078416200415116,0.25,0.0269604050103779,0.001,10,39,29,0.88,0.19133150365695145,0.05,0.009566575182847573
Myotis daubentonii,In flight,sdm_tuning_Myotis_daubentonii_In_flight,18,COMPLETE,0.02093748228327805,0.8049348738731449,0.026952612249852032,0.25,0.006738153062463008,0.001,10,37,27,0.766,0.2251847705480752,0.05,0.01125923852740376
Myotis daubentonii,In flight,sdm_tuning_Myotis_daubentonii_In_flight,19,COMPLETE,-0.1747519335756706,0.78479235390115,0.036782025101450795,0.25,0.009195506275362699,0.001,10,40,30,0.9400000000000001,0.20697562402915667,0.05,0.010348781201457834
Myotis daubentonii,In flight,sdm_tuning_Myotis_daubentonii_In_flight,20,COMPLETE,0.2171418611621702,0.7661389421903468,0.07918619275908927,0.25,0.019796548189772317,0.001,10,32,22,0.516,0.26401065676808677,0.05,0.01320053283840434
Myotis daubentonii,In flight,sdm_tuning_Myotis_daubentonii_In_flight,21,COMPLETE,0.2909696081971419,0.7492026050357431,0.06387976867275535,0.25,0.01596994216818884,0.001,10,30,20,0.43000000000000005,0.24526109340824687,0.05,0.012263054670412344
Myotis daubentonii,In flight,sdm_tuning_Myotis_daubentonii_In_flight,22,COMPLETE,0.2543565162756204,0.7939282899880676,0.043074491733000896,0.25,0.010768622933250224,0.001,10,32,22,0.516,0.256063015583941,0.05,0.012803150779197052
Myotis daubentonii,In flight,sdm_tuning_Myotis_daubentonii_In_flight,23,COMPLETE,0.1316078953204797,0.8197595691034666,0.06874806845038298,0.25,0.017187017112595744,0.001,10,35,25,0.66,0.21929313340782236,0.05,0.010964656670391119
Myotis daubentonii,In flight,sdm_tuning_Myotis_daubentonii_In_flight,24,COMPLETE,0.27052305659360804,0.8108025113804174,0.053012617184164335,0.25,0.013253154296041084,0.001,10,32,22,0.516,0.22052600981536413,0.05,0.011026300490768207
Myotis daubentonii,In flight,sdm_tuning_Myotis_daubentonii_In_flight,25,COMPLETE,0.2724255458807701,0.7790059234963458,0.08773213206640615,0.25,0.021933033016601537,0.001,10,31,21,0.472,0.25294689197948256,0.05,0.012647344598974129
Myotis daubentonii,In flight,sdm_tuning_Myotis_daubentonii_In_flight,26,COMPLETE,0.22634206469995263,0.7737528625199769,0.0794632070066266,0.25,0.01986580175165665,0.001,10,32,22,0.516,0.23089992136735185,0.05,0.011544996068367593
Myotis daubentonii,In flight,sdm_tuning_Myotis_daubentonii_In_flight,27,COMPLETE,0.2464977905757273,0.7938082420241986,0.07627737267952826,0.25,0.019069343169882066,0.001,10,32,22,0.516,0.2448221655717853,0.05,0.012241108278589265
Myotis daubentonii,In flight,sdm_tuning_Myotis_daubentonii_In_flight,28,COMPLETE,0.25859454117622416,0.759276754394841,0.06868537855991572,0.25,0.01717134463997893,0.001,10,31,21,0.472,0.2302173715727582,0.05,0.01151086857863791
Myotis daubentonii,In flight,sdm_tuning_Myotis_daubentonii_In_flight,29,COMPLETE,0.24471482955141519,0.7919866755091319,0.07322928426600428,0.25,0.01830732106650107,0.001,10,32,22,0.516,0.25929049782431207,0.05,0.012964524891215605
Myotis daubentonii,In flight,sdm_tuning_Myotis_daubentonii_In_flight,30,COMPLETE,0.5428353200628824,0.7729735833225719,0.1108971401989457,0.25,0.027724285049736425,0.001,10,23,13,0.192,0.2082795641990616,0.05,0.01041397820995308
Myotis daubentonii,In flight,sdm_tuning_Myotis_daubentonii_In_flight,31,COMPLETE,0.2578956807829371,0.7998816690818121,0.05273135007871172,0.25,0.01318283751967793,0.001,10,32,22,0.516,0.256063015583941,0.05,0.012803150779197052
Myotis daubentonii,In flight,sdm_tuning_Myotis_daubentonii_In_flight,32,COMPLETE,0.42234646152220634,0.7739450568640337,0.09755140094857018,0.25,0.024387850237142544,0.001,10,27,17,0.316,0.22421490209369668,0.05,0.011210745104684835
Myotis daubentonii,In flight,sdm_tuning_Myotis_daubentonii_In_flight,33,COMPLETE,0.428877166593583,0.7460080293873776,0.09442919463517782,0.25,0.023607298658794455,0.001,10,26,16,0.28200000000000003,0.23047128270000397,0.05,0.011523564135000199
Myotis daubentonii,In flight,sdm_tuning_Myotis_daubentonii_In_flight,34,COMPLETE,0.45994966081812344,0.8126319350534743,0.09743777201617666,0.25,0.024359443004044166,0.001,10,27,17,0.316,0.24645662462613444,0.05,0.012322831231306723
Myotis daubentonii,In flight,sdm_tuning_Myotis_daubentonii_In_flight,35,COMPLETE,0.22441338016144596,0.7774726018850648,0.10047659789854736,0.25,0.02511914947463684,0.001,10,32,22,0.516,0.23880144497963915,0.05,0.011940072248981958
Myotis daubentonii,In flight,sdm_tuning_Myotis_daubentonii_In_flight,36,COMPLETE,0.30984323987028073,0.7802382468828618,0.10868548435878575,0.25,0.027171371089696437,0.001,10,30,20,0.43000000000000005,0.2644727184576912,0.05,0.013223635922884561
Myotis daubentonii,In flight,sdm_tuning_Myotis_daubentonii_In_flight,37,COMPLETE,0.4855151694689583,0.8110343598577908,0.11826409446583448,0.25,0.02956602361645862,0.001,10,26,16,0.28200000000000003,0.27906333544747747,0.05,0.013953166772373874
Myotis daubentonii,In flight,sdm_tuning_Myotis_daubentonii_In_flight,38,COMPLETE,0.348848007017306,0.7334812365457261,0.08136916182796937,0.25,0.020342290456992342,0.001,10,28,18,0.35200000000000004,0.24581878142855404,0.05,0.012290939071427703
Myotis daubentonii,In flight,sdm_tuning_Myotis_daubentonii_In_flight,39,COMPLETE,0.36535026800544823,0.7185394153704602,0.10150212673409696,0.25,0.02537553168352424,0.001,10,27,17,0.316,0.23627231362975396,0.05,0.0118136156814877
Myotis daubentonii,In flight,sdm_tuning_Myotis_daubentonii_In_flight,40,COMPLETE,0.4215232800180981,0.741701196089255,0.10826581390895619,0.25,0.027066453477239048,0.001,10,26,16,0.28200000000000003,0.22222925187835738,0.05,0.011111462593917869
Myotis daubentonii,In flight,sdm_tuning_Myotis_daubentonii_In_flight,41,COMPLETE,0.3876887102732524,0.7039292334217273,0.09231184808897776,0.25,0.02307796202224444,0.001,10,26,16,0.28200000000000003,0.22325122252460844,0.05,0.011162561126230423
Myotis daubentonii,In flight,sdm_tuning_Myotis_daubentonii_In_flight,42,COMPLETE,0.38335179087683574,0.7035945557224094,0.1044708538717625,0.25,0.026117713467940624,0.001,10,26,16,0.28200000000000003,0.24250102755265793,0.05,0.012125051377632897
Myotis daubentonii,In flight,sdm_tuning_Myotis_daubentonii_In_flight,43,COMPLETE,0.4541644368357826,0.7406435772568716,0.10554592206624605,0.25,0.026386480516561513,0.001,10,25,15,0.25,0.20185319809054833,0.05,0.010092659904527417
Myotis daubentonii,In flight,sdm_tuning_Myotis_daubentonii_In_flight,44,COMPLETE,0.5218295197324772,0.7532237438724194,0.11695219244952633,0.25,0.029238048112381582,0.001,10,23,13,0.192,0.2031235205512123,0.05,0.010156176027560616
Myotis daubentonii,In flight,sdm_tuning_Myotis_daubentonii_In_flight,45,COMPLETE,0.41980532803223203,0.7045561862229657,0.09863090227595285,0.25,0.024657725568988213,0.001,10,25,15,0.25,0.20186265243490717,0.05,0.01009313262174536
Myotis daubentonii,In flight,sdm_tuning_Myotis_daubentonii_In_flight,46,COMPLETE,0.42271516053615743,0.7019670369548243,0.07663497518768618,0.25,0.019158743796921545,0.001,10,25,15,0.25,0.20186265243490717,0.05,0.01009313262174536
Myotis daubentonii,In flight,sdm_tuning_Myotis_daubentonii_In_flight,47,COMPLETE,0.4580501987777271,0.712016431664817,0.0940707161465011,0.25,0.023517679036625275,0.001,10,24,14,0.22,0.20897107700929274,0.05,0.010448553850464637
Myotis daubentonii,In flight,sdm_tuning_Myotis_daubentonii_In_flight,48,COMPLETE,0.47089452955496897,0.7292670377961086,0.10545669753013971,0.25,0.026364174382534928,0.001,10,24,14,0.22,0.24016667717209406,0.05,0.012008333858604704
Myotis daubentonii,In flight,sdm_tuning_Myotis_daubentonii_In_flight,49,COMPLETE,0.4618684199124135,0.7174465760444594,0.09427928909376472,0.25,0.02356982227344118,0.001,10,24,14,0.22,0.24016667717209406,0.05,0.012008333858604704
Myotis daubentonii,In flight,sdm_tuning_Myotis_daubentonii_In_flight,50,COMPLETE,0.5131920424516513,0.7057331581360954,0.06002462400681076,0.25,0.01500615600170269,0.001,10,22,12,0.166,0.23069919365482608,0.05,0.011534959682741305
Myotis daubentonii,In flight,sdm_tuning_Myotis_daubentonii_In_flight,51,COMPLETE,0.4617804428737639,0.7173815332788411,0.09437102618589024,0.25,0.02359275654647256,0.001,10,24,14,0.22,0.24016667717209406,0.05,0.012008333858604704
Myotis daubentonii,In flight,sdm_tuning_Myotis_daubentonii_In_flight,52,COMPLETE,0.4715622132796838,0.7301499783216091,0.1063177247332825,0.25,0.026579431183320627,0.001,10,24,14,0.22,0.24016667717209406,0.05,0.012008333858604704
Myotis daubentonii,In flight,sdm_tuning_Myotis_daubentonii_In_flight,53,COMPLETE,0.47155742355090796,0.7301065436777575,0.10616314507297946,0.25,0.026540786268244864,0.001,10,24,14,0.22,0.24016667717209406,0.05,0.012008333858604704
Myotis daubentonii,In flight,sdm_tuning_Myotis_daubentonii_In_flight,54,COMPLETE,0.43738983266519615,0.7236401053268867,0.09999554359105765,0.25,0.024998885897764413,0.001,10,25,15,0.25,0.22502773527852288,0.05,0.011251386763926145
Myotis daubentonii,In flight,sdm_tuning_Myotis_daubentonii_In_flight,55,COMPLETE,0.347479539975325,0.7358126673942883,0.10038523903687281,0.25,0.025096309759218203,0.001,10,28,18,0.35200000000000004,0.22473635319490204,0.05,0.011236817659745102
Myotis daubentonii,In flight,sdm_tuning_Myotis_daubentonii_In_flight,56,COMPLETE,0.3429379978123068,0.7299071210734578,0.09492922240562325,0.25,0.023732305601405813,0.001,10,28,18,0.35200000000000004,0.22473635319490204,0.05,0.011236817659745102
Myotis daubentonii,In flight,sdm_tuning_Myotis_daubentonii_In_flight,57,COMPLETE,0.22296315181625762,0.7287269035701668,0.09067903888878394,0.25,0.022669759722195985,0.001,10,31,21,0.472,0.2218798406342643,0.05,0.011093992031713216
Myotis daubentonii,In flight,sdm_tuning_Myotis_daubentonii_In_flight,58,COMPLETE,0.335595337489655,0.7192133110515565,0.08489595079137544,0.25,0.02122398769784386,0.001,10,28,18,0.35200000000000004,0.2078797172811535,0.05,0.010393985864057676
Myotis daubentonii,In flight,sdm_tuning_Myotis_daubentonii_In_flight,59,COMPLETE,0.2564505832540234,0.7661322396752389,0.10916354122547381,0.25,0.027290885306368452,0.001,10,31,21,0.472,0.20781542229694083,0.05,0.010390771114847042
Myotis daubentonii,In flight,sdm_tuning_Myotis_daubentonii_In_flight,60,COMPLETE,0.3437204727417896,0.7320423775361627,0.0989987592507583,0.25,0.024749689812689574,0.001,10,28,18,0.35200000000000004,0.23144429963367144,0.05,0.011572214981683572
Myotis daubentonii,In flight,sdm_tuning_Myotis_daubentonii_In_flight,61,COMPLETE,0.3768700204928663,0.7245543023099333,0.08434872988844266,0.25,0.021087182472110666,0.001,10,27,17,0.316,0.2119419868991266,0.05,0.010597099344956331
Myotis daubentonii,In flight,sdm_tuning_Myotis_daubentonii_In_flight,62,COMPLETE,0.2811243172522872,0.704095951132933,0.0896434365671547,0.25,0.022410859141788676,0.001,10,29,19,0.39,0.21121549477714233,0.05,0.010560774738857116
Myotis daubentonii,In flight,sdm_tuning_Myotis_daubentonii_In_flight,63,COMPLETE,0.4008400338815511,0.8002231901584214,0.14564141489300284,0.25,0.03641035372325071,0.001,10,28,18,0.35200000000000004,0.21945605107238955,0.05,0.010972802553619479
Myotis daubentonii,In flight,sdm_tuning_Myotis_daubentonii_In_flight,64,COMPLETE,0.4017263428068586,0.7997168312295976,0.14107466873832541,0.25,0.035268667184581354,0.001,10,28,18,0.35200000000000004,0.21443642476315225,0.05,0.010721821238157613
Myotis daubentonii,In flight,sdm_tuning_Myotis_daubentonii_In_flight,65,COMPLETE,0.2956727502019321,0.8029148869319794,0.10066227496410099,0.25,0.025165568741025247,0.001,10,31,21,0.472,0.20153135978044134,0.05,0.010076567989022067
Myotis daubentonii,In flight,sdm_tuning_Myotis_daubentonii_In_flight,66,COMPLETE,0.2484061567249015,0.7956633033891468,0.08463092315808486,0.25,0.021157730789521215,0.001,10,32,22,0.516,0.20198831749448176,0.05,0.010099415874724089
Myotis daubentonii,In flight,sdm_tuning_Myotis_daubentonii_In_flight,67,COMPLETE,0.16078203122150952,0.8014007079826694,0.08379473556672441,0.25,0.020948683891681103,0.001,10,34,24,0.6100000000000001,0.19339985738957233,0.05,0.009669992869478616
Myotis daubentonii,In flight,sdm_tuning_Myotis_daubentonii_In_flight,68,COMPLETE,0.20948929265762803,0.8019565580911179,0.08392779489445208,0.25,0.02098194872361302,0.001,10,33,23,0.562,0.18970633419753533,0.05,0.009485316709876767
Myotis daubentonii,In flight,sdm_tuning_Myotis_daubentonii_In_flight,69,COMPLETE,0.10659124240042703,0.7985819293532063,0.08763246419010016,0.25,0.02190811604752504,0.001,10,35,25,0.66,0.20165141810508258,0.05,0.01008257090525413
Myotis daubentonii,In flight,sdm_tuning_Myotis_daubentonii_In_flight,70,COMPLETE,0.2128817068005746,0.8068104843579821,0.08805909838536122,0.25,0.022014774596340304,0.001,10,33,23,0.562,0.19828005922134312,0.05,0.009914002961067156
Myotis daubentonii,In flight,sdm_tuning_Myotis_daubentonii_In_flight,71,COMPLETE,0.2352455526520307,0.8219003754506761,0.05958439225525397,0.25,0.014896098063813493,0.001,10,33,23,0.562,0.19517449469663536,0.05,0.009758724734831768
Myotis daubentonii,In flight,sdm_tuning_Myotis_daubentonii_In_flight,72,COMPLETE,0.2779768855223225,0.8181802804760162,0.058004567403056526,0.25,0.014501141850764131,0.001,10,32,22,0.516,0.1940450620585905,0.05,0.009702253102929527
Myotis daubentonii,In flight,sdm_tuning_Myotis_daubentonii_In_flight,73,COMPLETE,0.26283467875820693,0.8068352272040481,0.07329230005022781,0.25,0.018323075012556953,0.001,10,32,22,0.516,0.19354946866568518,0.05,0.00967747343328426
Myotis daubentonii,In flight,sdm_tuning_Myotis_daubentonii_In_flight,74,COMPLETE,0.18868370294394218,0.7800876147580297,0.076323539501384,0.25,0.019080884875346,0.001,10,33,23,0.562,0.20646053877482928,0.05,0.010323026938741466
Myotis daubentonii,In flight,sdm_tuning_Myotis_daubentonii_In_flight,75,COMPLETE,0.36734174987795054,0.7483986580762999,0.07314189809214981,0.25,0.018285474523037453,0.001,10,28,18,0.35200000000000004,0.21542867350623882,0.05,0.010771433675311942
Myotis daubentonii,In flight,sdm_tuning_Myotis_daubentonii_In_flight,76,COMPLETE,0.39611944370342955,0.7894899001397532,0.12316884391404707,0.25,0.03079221097851177,0.001,10,28,18,0.35200000000000004,0.2115649091562359,0.05,0.010578245457811795
Myotis daubentonii,In flight,sdm_tuning_Myotis_daubentonii_In_flight,77,COMPLETE,0.3492091256504315,0.7392768882389427,0.10421634608956527,0.25,0.02605408652239132,0.001,10,28,18,0.35200000000000004,0.24027352132239682,0.05,0.012013676066119841
Myotis daubentonii,In flight,sdm_tuning_Myotis_daubentonii_In_flight,78,COMPLETE,0.29380835150354995,0.7632840993784695,0.10706805129378053,0.25,0.02676701282344513,0.001,10,30,20,0.43000000000000005,0.2541747010294875,0.05,0.012708735051474377
Myotis daubentonii,In flight,sdm_tuning_Myotis_daubentonii_In_flight,79,COMPLETE,0.3884878927118557,0.6986196190577676,0.06500933358332261,0.25,0.016252333395830654,0.001,10,26,16,0.28200000000000003,0.23758785900162496,0.05,0.011879392950081249
Myotis daubentonii,In flight,sdm_tuning_Myotis_daubentonii_In_flight,80,COMPLETE,0.46505820321734964,0.7206259912359897,0.09150135472031258,0.25,0.022875338680078145,0.001,10,24,14,0.22,0.25384898677123807,0.05,0.012692449338561904
Myotis daubentonii,In flight,sdm_tuning_Myotis_daubentonii_In_flight,81,COMPLETE,0.34996095800681215,0.739976262631257,0.09885538690294846,0.25,0.024713846725737114,0.001,10,28,18,0.35200000000000004,0.2660291579741561,0.05,0.013301457898707805
Myotis daubentonii,In flight,sdm_tuning_Myotis_daubentonii_In_flight,82,COMPLETE,0.39482374898243755,0.7509162737973621,0.10703538551345725,0.25,0.02675884637836431,0.001,10,27,17,0.316,0.26667356873120457,0.05,0.013333678436560229
Myotis daubentonii,In flight,sdm_tuning_Myotis_daubentonii_In_flight,83,COMPLETE,0.41351449398393103,0.7726089528792609,0.12069989747514774,0.25,0.030174974368786935,0.001,10,27,17,0.316,0.2583896905308587,0.05,0.012919484526542936
Myotis daubentonii,In flight,sdm_tuning_Myotis_daubentonii_In_flight,84,COMPLETE,0.42836553801279037,0.7087073842910355,0.06913466908978927,0.25,0.017283667272447317,0.001,10,25,15,0.25,0.26116358011595664,0.05,0.013058179005797832
Myotis daubentonii,In flight,sdm_tuning_Myotis_daubentonii_In_flight,85,COMPLETE,0.38518126599251745,0.6976521411064445,0.06795748750074686,0.25,0.016989371875186714,0.001,10,26,16,0.28200000000000003,0.2696300647748058,0.05,0.01348150323874029
Myotis daubentonii,In flight,sdm_tuning_Myotis_daubentonii_In_flight,86,COMPLETE,0.4045201235020804,0.7240006168758758,0.09753403784245228,0.25,0.02438350946061307,0.001,10,26,16,0.28200000000000003,0.26193967826364606,0.05,0.013096983913182304
Myotis daubentonii,In flight,sdm_tuning_Myotis_daubentonii_In_flight,87,COMPLETE,0.5355736492383579,0.7385261990987294,0.10128124198417876,0.25,0.02532031049604469,0.001,10,22,12,0.166,0.23264478728653556,0.05,0.01163223936432678
Myotis daubentonii,In flight,sdm_tuning_Myotis_daubentonii_In_flight,88,COMPLETE,0.44684346752609916,0.7612383141849771,0.07886488361775373,0.25,0.019716220904438433,0.001,10,26,16,0.28200000000000003,0.253572515088789,0.05,0.012678625754439449
Myotis daubentonii,In flight,sdm_tuning_Myotis_daubentonii_In_flight,89,COMPLETE,0.46474572076165005,0.7452544324547864,0.07449840102912063,0.25,0.018624600257280157,0.001,10,25,15,0.25,0.2376822287171229,0.05,0.011884111435856146
Myotis daubentonii,In flight,sdm_tuning_Myotis_daubentonii_In_flight,90,COMPLETE,0.5594519353713241,0.740202819814737,0.1050541017064082,0.25,0.02626352542660205,0.001,10,21,11,0.142,0.2497471803362169,0.05,0.012487359016810846
Myotis daubentonii,In flight,sdm_tuning_Myotis_daubentonii_In_flight,91,COMPLETE,0.5839761675679636,0.7595189550559315,0.08336328282895997,0.25,0.020840820707239992,0.001,10,21,11,0.142,0.2540393356145583,0.05,0.012701966780727917
Myotis daubentonii,In flight,sdm_tuning_Myotis_daubentonii_In_flight,92,COMPLETE,0.5242923251887136,0.7507477698944536,0.08678323518193522,0.25,0.021695808795483804,0.001,10,23,13,0.192,0.2551927182051224,0.05,0.01275963591025612
Myotis daubentonii,In flight,sdm_tuning_Myotis_daubentonii_In_flight,93,COMPLETE,0.44134004352849865,0.7581359409186369,0.09281529874320496,0.25,0.02320382468580124,0.001,10,26,16,0.28200000000000003,0.23184145408673873,0.05,0.011592072704336938
Myotis daubentonii,In flight,sdm_tuning_Myotis_daubentonii_In_flight,94,COMPLETE,0.4688265857951802,0.7884058359880424,0.10280820695870713,0.25,0.02570205173967678,0.001,10,26,16,0.28200000000000003,0.23754396906370664,0.05,0.011877198453185333
Myotis daubentonii,In flight,sdm_tuning_Myotis_daubentonii_In_flight,95,COMPLETE,0.4697893585856734,0.7892969441844554,0.1025215485823865,0.25,0.025630387145596626,0.001,10,26,16,0.28200000000000003,0.23754396906370664,0.05,0.011877198453185333
Myotis daubentonii,In flight,sdm_tuning_Myotis_daubentonii_In_flight,96,COMPLETE,0.5231167753194955,0.7824218635903121,0.10966655906380966,0.25,0.027416639765952416,0.001,10,24,14,0.22,0.23776897009728207,0.05,0.011888448504864105
Myotis daubentonii,In flight,sdm_tuning_Myotis_daubentonii_In_flight,97,COMPLETE,0.4872008708805914,0.7798441487080913,0.1227677408263161,0.25,0.030691935206579025,0.001,10,25,15,0.25,0.23902685241841848,0.05,0.011951342620920924
Myotis daubentonii,In flight,sdm_tuning_Myotis_daubentonii_In_flight,98,COMPLETE,0.5051260048328163,0.8280004274502278,0.11839194694206906,0.25,0.029597986735517265,0.001,10,26,16,0.28200000000000003,0.2255287176378839,0.05,0.011276435881894196
Myotis daubentonii,In flight,sdm_tuning_Myotis_daubentonii_In_flight,99,COMPLETE,0.5053112948643269,0.8198230302404005,0.08273282763023769,0.25,0.020683206907559423,0.001,10,26,16,0.28200000000000003,0.23657056937028278,0.05,0.01182852846851414
Myotis daubentonii,In flight,sdm_tuning_Myotis_daubentonii_In_flight,100,COMPLETE,0.5148557360509111,0.776904808037613,0.12125968030663127,0.25,0.030314920076657818,0.001,10,24,14,0.22,0.23468303820088213,0.05,0.011734151910044108
Myotis daubentonii,In flight,sdm_tuning_Myotis_daubentonii_In_flight,101,COMPLETE,0.5094897183903755,0.7408085152363529,0.11152963183235123,0.25,0.02788240795808781,0.001,10,23,13,0.192,0.2287277777577938,0.05,0.011436388887889691
Myotis daubentonii,In flight,sdm_tuning_Myotis_daubentonii_In_flight,102,COMPLETE,0.5847455014055518,0.8190169070809605,0.1221873420301975,0.25,0.030546835507549375,0.001,10,23,13,0.192,0.23449140335718766,0.05,0.011724570167859383
Myotis daubentonii,In flight,sdm_tuning_Myotis_daubentonii_In_flight,103,COMPLETE,0.5401650388585757,0.8284661716628566,0.10361259824722918,0.25,0.025903149561807295,0.001,10,25,15,0.25,0.24795966484947315,0.05,0.012397983242473659
Myotis daubentonii,In flight,sdm_tuning_Myotis_daubentonii_In_flight,104,COMPLETE,0.478501404374402,0.7588721562188049,0.07499721604862368,0.25,0.01874930401215592,0.001,10,25,15,0.25,0.23242895664493987,0.05,0.011621447832246994
Myotis daubentonii,In flight,sdm_tuning_Myotis_daubentonii_In_flight,105,COMPLETE,0.4775875012771786,0.7577651656713157,0.07422486624756051,0.25,0.01855621656189013,0.001,10,25,15,0.25,0.23242895664493987,0.05,0.011621447832246994
Myotis daubentonii,In flight,sdm_tuning_Myotis_daubentonii_In_flight,106,COMPLETE,0.3926269211914377,0.77619639387631,0.0778877278607271,0.25,0.019471931965181776,0.001,10,28,18,0.35200000000000004,0.2419508143938084,0.05,0.01209754071969042
Myotis daubentonii,In flight,sdm_tuning_Myotis_daubentonii_In_flight,107,COMPLETE,0.39160182047549463,0.7742182987190954,0.07407575009564127,0.25,0.018518937523910317,0.001,10,28,18,0.35200000000000004,0.2419508143938084,0.05,0.01209754071969042
Myotis daubentonii,In flight,sdm_tuning_Myotis_daubentonii_In_flight,108,COMPLETE,0.35557846186996733,0.7488966596489578,0.11775925295209863,0.25,0.029439813238024658,0.001,10,28,18,0.35200000000000004,0.23756769081931478,0.05,0.01187838454096574
Myotis daubentonii,In flight,sdm_tuning_Myotis_daubentonii_In_flight,109,COMPLETE,0.35897937282466175,0.7776904580628194,0.06644128394754431,0.25,0.016610320986886078,0.001,10,29,19,0.39,0.24201528502543196,0.05,0.012100764251271599
Myotis daubentonii,In flight,sdm_tuning_Myotis_daubentonii_In_flight,110,COMPLETE,0.38756572129946915,0.8107920724887836,0.08481378743727738,0.25,0.021203446859319346,0.001,10,29,19,0.39,0.2404580865999033,0.05,0.012022904329995166
Myotis daubentonii,In flight,sdm_tuning_Myotis_daubentonii_In_flight,111,COMPLETE,0.2904512951611282,0.7616369212608017,0.1143825608079369,0.25,0.028595640201984227,0.001,10,30,20,0.43000000000000005,0.25179971795378436,0.05,0.01258998589768922
Myotis daubentonii,In flight,sdm_tuning_Myotis_daubentonii_In_flight,112,COMPLETE,0.33910626275898514,0.7637414211285961,0.09084232104400003,0.25,0.022710580261000007,0.001,10,29,19,0.39,0.23849156217221867,0.05,0.011924578108610934
Myotis daubentonii,In flight,sdm_tuning_Myotis_daubentonii_In_flight,113,COMPLETE,0.3647108932053413,0.7903946624340431,0.09380820176089909,0.25,0.023452050440224772,0.001,10,29,19,0.39,0.24463437576954009,0.05,0.012231718788477005
Myotis daubentonii,In flight,sdm_tuning_Myotis_daubentonii_In_flight,114,COMPLETE,0.40629830909865644,0.7904879127830752,0.08014583233271882,0.25,0.020036458083179706,0.001,10,28,18,0.35200000000000004,0.24306291202478114,0.05,0.012153145601239057
Myotis daubentonii,In flight,sdm_tuning_Myotis_daubentonii_In_flight,115,COMPLETE,0.42189660116400796,0.8020043616831695,0.06324239296576989,0.25,0.015810598241442472,0.001,10,28,18,0.35200000000000004,0.24594324555437933,0.05,0.012297162277718966
Myotis daubentonii,In flight,sdm_tuning_Myotis_daubentonii_In_flight,116,COMPLETE,0.45917398091981726,0.8049364838154008,0.0724734339253282,0.25,0.01811835848133205,0.001,10,27,17,0.316,0.23288288828503048,0.05,0.011644144414251524
Myotis daubentonii,In flight,sdm_tuning_Myotis_daubentonii_In_flight,117,COMPLETE,0.44210974925603796,0.7939262843747321,0.09461810479118664,0.25,0.02365452619779666,0.001,10,27,17,0.316,0.24324017841795012,0.05,0.012162008920897506
Myotis daubentonii,In flight,sdm_tuning_Myotis_daubentonii_In_flight,118,COMPLETE,0.481771621464595,0.7972955390410986,0.08349711071156787,0.25,0.02087427767789197,0.001,10,26,16,0.28200000000000003,0.25299279797223195,0.05,0.012649639898611599
Myotis daubentonii,In flight,sdm_tuning_Myotis_daubentonii_In_flight,119,COMPLETE,0.5419396242490472,0.7973604100371595,0.09135441839406684,0.25,0.02283860459851671,0.001,10,24,14,0.22,0.2516436237919118,0.05,0.01258218118959559
Myotis daubentonii,In flight,sdm_tuning_Myotis_daubentonii_In_flight,120,COMPLETE,0.4472778432428796,0.7663659131539436,0.10019935227430146,0.25,0.025049838068575365,0.001,10,26,16,0.28200000000000003,0.24076463684977154,0.05,0.012038231842488577
Myotis daubentonii,In flight,sdm_tuning_Myotis_daubentonii_In_flight,121,COMPLETE,0.5151502356408584,0.7740878651322282,0.10809950009374922,0.25,0.027024875023437304,0.001,10,24,14,0.22,0.23825508935864914,0.05,0.011912754467932458
Myotis daubentonii,In flight,sdm_tuning_Myotis_daubentonii_In_flight,122,COMPLETE,0.4851165360511954,0.7743515981415056,0.10835375989954606,0.25,0.027088439974886514,0.001,10,25,15,0.25,0.24293244230847247,0.05,0.012146622115423625
Myotis daubentonii,In flight,sdm_tuning_Myotis_daubentonii_In_flight,123,COMPLETE,0.5243657892822023,0.7816454016719837,0.09827663814895705,0.25,0.024569159537239264,0.001,10,24,14,0.22,0.25420905705084196,0.05,0.012710452852542098
Myotis daubentonii,In flight,sdm_tuning_Myotis_daubentonii_In_flight,124,COMPLETE,0.5193283887171872,0.7773849686042809,0.10205491565774007,0.25,0.025513728914435017,0.001,10,24,14,0.22,0.2508570194531728,0.05,0.01254285097265864
Myotis daubentonii,In flight,sdm_tuning_Myotis_daubentonii_In_flight,125,COMPLETE,0.5446614034694155,0.7732009103387331,0.09882913063970798,0.25,0.024707282659926996,0.001,10,23,13,0.192,0.23664448418781434,0.05,0.011832224209390717
Myotis daubentonii,In flight,sdm_tuning_Myotis_daubentonii_In_flight,126,COMPLETE,0.5097658712283638,0.7676441647156999,0.10559789415901627,0.25,0.026399473539754068,0.001,10,24,14,0.22,0.22957639895164078,0.05,0.01147881994758204
Myotis daubentonii,In flight,sdm_tuning_Myotis_daubentonii_In_flight,127,COMPLETE,0.547162409367901,0.7769928995506262,0.10460601306734796,0.25,0.02615150326683699,0.001,10,23,13,0.192,0.23357973831776635,0.05,0.011678986915888319
Myotis daubentonii,In flight,sdm_tuning_Myotis_daubentonii_In_flight,128,COMPLETE,0.4946570017758471,0.7778160886347841,0.08680790113470988,0.25,0.02170197528367747,0.001,10,25,15,0.25,0.22914223150519206,0.05,0.011457111575259603
Myotis daubentonii,In flight,sdm_tuning_Myotis_daubentonii_In_flight,129,COMPLETE,0.4973954170750434,0.7812422123273505,0.08745644185333981,0.25,0.021864110463334953,0.001,10,25,15,0.25,0.23965369577944273,0.05,0.011982684788972138
Myotis daubentonii,In flight,sdm_tuning_Myotis_daubentonii_In_flight,130,COMPLETE,0.5259870615008096,0.7828148918534533,0.09894280600318003,0.25,0.02473570150079501,0.001,10,24,14,0.22,0.24184257703697545,0.05,0.012092128851848773
Myotis daubentonii,In flight,sdm_tuning_Myotis_daubentonii_In_flight,131,COMPLETE,0.5256118915358371,0.7818297273196105,0.0965028277276991,0.25,0.024125706931924774,0.001,10,24,14,0.22,0.24184257703697545,0.05,0.012092128851848773
Myotis daubentonii,In flight,sdm_tuning_Myotis_daubentonii_In_flight,132,COMPLETE,0.5197265622021582,0.7779063082484446,0.10435046877775095,0.25,0.026087617194437737,0.001,10,24,14,0.22,0.24184257703697545,0.05,0.012092128851848773
Myotis daubentonii,In flight,sdm_tuning_Myotis_daubentonii_In_flight,133,COMPLETE,0.49760520207149705,0.7818501555978622,0.08904907494957205,0.25,0.022262268737393013,0.001,10,25,15,0.25,0.23965369577944273,0.05,0.011982684788972138
Myotis daubentonii,In flight,sdm_tuning_Myotis_daubentonii_In_flight,134,COMPLETE,0.5256144511237641,0.7811100869069657,0.09133201568968191,0.25,0.022833003922420478,0.001,10,24,14,0.22,0.2532526372156216,0.05,0.012662631860781079
Myotis daubentonii,In flight,sdm_tuning_Myotis_daubentonii_In_flight,135,COMPLETE,0.5247178193665771,0.7803103780402911,0.09171970725173158,0.25,0.022929926812932894,0.001,10,24,14,0.22,0.2532526372156216,0.05,0.012662631860781079
Myotis daubentonii,In flight,sdm_tuning_Myotis_daubentonii_In_flight,136,COMPLETE,0.46249391892294367,0.7789824685232687,0.08920007353371186,0.25,0.022300018383427964,0.001,10,26,16,0.28200000000000003,0.24377062433794025,0.05,0.012188531216897013
Myotis daubentonii,In flight,sdm_tuning_Myotis_daubentonii_In_flight,137,COMPLETE,0.46396963962633164,0.7801022980515339,0.08676693292648398,0.25,0.021691733231620994,0.001,10,26,16,0.28200000000000003,0.24881850387162402,0.05,0.012440925193581202
Myotis daubentonii,In flight,sdm_tuning_Myotis_daubentonii_In_flight,138,COMPLETE,0.46379826091976817,0.7818613315296133,0.09626413351876281,0.25,0.024066033379690703,0.001,10,26,16,0.28200000000000003,0.239940744603089,0.05,0.011997037230154451
Myotis daubentonii,In flight,sdm_tuning_Myotis_daubentonii_In_flight,139,COMPLETE,0.46370125029564646,0.7819355679176913,0.09694912156756116,0.25,0.02423728039189029,0.001,10,26,16,0.28200000000000003,0.239940744603089,0.05,0.011997037230154451
Myotis daubentonii,In flight,sdm_tuning_Myotis_daubentonii_In_flight,140,COMPLETE,0.5260481785082336,0.7823732147052033,0.09693162938048389,0.25,0.02423290734512097,0.001,10,24,14,0.22,0.24184257703697545,0.05,0.012092128851848773
Myotis daubentonii,In flight,sdm_tuning_Myotis_daubentonii_In_flight,141,COMPLETE,0.4932391170963514,0.7801249990375525,0.09826031069989112,0.25,0.02456507767497278,0.001,10,25,15,0.25,0.24641608532456816,0.05,0.012320804266228409
Myotis daubentonii,In flight,sdm_tuning_Myotis_daubentonii_In_flight,142,COMPLETE,0.49301912074156595,0.7802558394764448,0.09966365787460195,0.25,0.024915914468650487,0.001,10,25,15,0.25,0.24641608532456816,0.05,0.012320804266228409
Myotis daubentonii,In flight,sdm_tuning_Myotis_daubentonii_In_flight,143,COMPLETE,0.49766898013186184,0.783623936423299,0.09663257280532073,0.25,0.02415814320133018,0.001,10,25,15,0.25,0.23593626180213959,0.05,0.01179681309010698
Myotis daubentonii,In flight,sdm_tuning_Myotis_daubentonii_In_flight,144,COMPLETE,0.49399633136398435,0.7807347327646452,0.09767038853773002,0.25,0.024417597134432506,0.001,10,25,15,0.25,0.24641608532456816,0.05,0.012320804266228409
Myotis daubentonii,In flight,sdm_tuning_Myotis_daubentonii_In_flight,145,COMPLETE,0.4663060090755182,0.7813149309197106,0.08523247894592638,0.25,0.021308119736481595,0.001,10,26,16,0.28200000000000003,0.23401604215421448,0.05,0.011700802107710725
Myotis daubentonii,In flight,sdm_tuning_Myotis_daubentonii_In_flight,146,COMPLETE,0.3869533114776075,0.7708966135615123,0.08229071894912326,0.25,0.020572679737280816,0.001,10,28,18,0.35200000000000004,0.2274124469324795,0.05,0.011370622346623976
Myotis daubentonii,In flight,sdm_tuning_Myotis_daubentonii_In_flight,147,COMPLETE,0.3848088938837248,0.7670905890693954,0.07537845610611835,0.25,0.018844614026529587,0.001,10,28,18,0.35200000000000004,0.22874162318282035,0.05,0.011437081159141018
Myotis daubentonii,In flight,sdm_tuning_Myotis_daubentonii_In_flight,148,COMPLETE,0.38507836120158184,0.7675535185806369,0.07615230487965634,0.25,0.019038076219914084,0.001,10,28,18,0.35200000000000004,0.22874162318282035,0.05,0.011437081159141018
Myotis daubentonii,In flight,sdm_tuning_Myotis_daubentonii_In_flight,149,COMPLETE,0.42274894178150413,0.7709886815308965,0.08379521205401684,0.25,0.02094880301350421,0.001,10,27,17,0.316,0.22581873471776312,0.05,0.011290936735888157
Myotis daubentonii,In flight,sdm_tuning_Myotis_daubentonii_In_flight,150,COMPLETE,0.459250354862369,0.775448804684672,0.09121826727906429,0.25,0.022804566819766073,0.001,10,26,16,0.28200000000000003,0.22787766005073964,0.05,0.011393883002536983
Myotis daubentonii,In flight,sdm_tuning_Myotis_daubentonii_In_flight,151,COMPLETE,0.3847658201470419,0.767108525036468,0.07562249492114002,0.25,0.018905623730285006,0.001,10,28,18,0.35200000000000004,0.22874162318282035,0.05,0.011437081159141018
Myotis daubentonii,In flight,sdm_tuning_Myotis_daubentonii_In_flight,152,COMPLETE,0.3847159056548392,0.767014718942333,0.07544692851341098,0.25,0.018861732128352744,0.001,10,28,18,0.35200000000000004,0.22874162318282035,0.05,0.011437081159141018
Myotis daubentonii,In flight,sdm_tuning_Myotis_daubentonii_In_flight,153,COMPLETE,0.385661280933655,0.7683400824432245,0.07696688140171389,0.25,0.01924172035042847,0.001,10,28,18,0.35200000000000004,0.22874162318282035,0.05,0.011437081159141018
Myotis daubentonii,In flight,sdm_tuning_Myotis_daubentonii_In_flight,154,COMPLETE,0.42208110379423536,0.7701906067862044,0.08327426502432385,0.25,0.020818566256080962,0.001,10,27,17,0.316,0.22581873471776312,0.05,0.011290936735888157
Myotis daubentonii,In flight,sdm_tuning_Myotis_daubentonii_In_flight,155,COMPLETE,0.42402643161928516,0.7708847124883561,0.07545912382388514,0.25,0.018864780955971286,0.001,10,27,17,0.316,0.23986999826199248,0.05,0.011993499913099625
Myotis daubentonii,In flight,sdm_tuning_Myotis_daubentonii_In_flight,156,COMPLETE,0.5097503964975612,0.7645644711140044,0.09206338285759183,0.25,0.023015845714397958,0.001,10,24,14,0.22,0.235964578040905,0.05,0.011798228902045252
Myotis daubentonii,In flight,sdm_tuning_Myotis_daubentonii_In_flight,157,COMPLETE,0.5346260039672099,0.7622764868104234,0.09438226909460645,0.25,0.023595567273651613,0.001,10,23,13,0.192,0.24109831139123414,0.05,0.012054915569561708
Myotis daubentonii,In flight,sdm_tuning_Myotis_daubentonii_In_flight,158,COMPLETE,0.414081408879948,0.7338488931326704,0.10362557929755423,0.25,0.025906394824388557,0.001,10,26,16,0.28200000000000003,0.2372217885666759,0.05,0.011861089428333796
Myotis daubentonii,In flight,sdm_tuning_Myotis_daubentonii_In_flight,159,COMPLETE,0.40341651925716443,0.718985564164206,0.08683182191483112,0.25,0.02170795547870778,0.001,10,26,16,0.28200000000000003,0.2372217885666759,0.05,0.011861089428333796
Myotis daubentonii,In flight,sdm_tuning_Myotis_daubentonii_In_flight,160,COMPLETE,0.5261534126951871,0.782492605189614,0.09698825457031285,0.25,0.024247063642578212,0.001,10,24,14,0.22,0.24184257703697545,0.05,0.012092128851848773
Myotis daubentonii,In flight,sdm_tuning_Myotis_daubentonii_In_flight,161,COMPLETE,0.5319658168040409,0.7604141445608583,0.09757364874902297,0.25,0.024393412187255742,0.001,10,23,13,0.192,0.24109831139123414,0.05,0.012054915569561708
Myotis daubentonii,In flight,sdm_tuning_Myotis_daubentonii_In_flight,162,COMPLETE,0.5028909953427281,0.7587482073528689,0.09388724808759939,0.25,0.023471812021899848,0.001,10,24,14,0.22,0.24770799976481966,0.05,0.012385399988240984
Myotis daubentonii,In flight,sdm_tuning_Myotis_daubentonii_In_flight,163,COMPLETE,0.4488481028184715,0.7677160339272057,0.10002736672160138,0.25,0.025006841680400346,0.001,10,26,16,0.28200000000000003,0.2372217885666759,0.05,0.011861089428333796
Myotis daubentonii,In flight,sdm_tuning_Myotis_daubentonii_In_flight,164,COMPLETE,0.46648874810928614,0.7213850789832563,0.09124255886562055,0.25,0.022810639716405137,0.001,10,24,14,0.22,0.24171382315130058,0.05,0.01208569115756503
Myotis daubentonii,In flight,sdm_tuning_Myotis_daubentonii_In_flight,165,COMPLETE,0.37110027694623104,0.7530175163203514,0.07377591496746189,0.25,0.01844397874186547,0.001,10,28,18,0.35200000000000004,0.22946521264509803,0.05,0.011473260632254902
Myotis daubentonii,In flight,sdm_tuning_Myotis_daubentonii_In_flight,166,COMPLETE,0.3694978207507792,0.7515301972976214,0.07423646365834918,0.25,0.018559115914587296,0.001,10,28,18,0.35200000000000004,0.22946521264509803,0.05,0.011473260632254902
Myotis daubentonii,In flight,sdm_tuning_Myotis_daubentonii_In_flight,167,COMPLETE,0.5196212111949619,0.804794535365974,0.09151034364085835,0.25,0.022877585910214587,0.001,10,25,15,0.25,0.2459147652159502,0.05,0.01229573826079751
Myotis daubentonii,In flight,sdm_tuning_Myotis_daubentonii_In_flight,168,COMPLETE,0.5039964486020062,0.7861846337305168,0.08232393685973259,0.25,0.020580984214933148,0.001,10,25,15,0.25,0.2321440182715504,0.05,0.01160720091357752
Myotis daubentonii,In flight,sdm_tuning_Myotis_daubentonii_In_flight,169,COMPLETE,0.5433595415205421,0.7938706328333035,0.07588033751438933,0.25,0.018970084378597332,0.001,10,24,14,0.22,0.23082013868328188,0.05,0.011541006934164095
Myotis daubentonii,In flight,sdm_tuning_Myotis_daubentonii_In_flight,170,COMPLETE,0.5370795661817406,0.7889089739671419,0.08118448377103178,0.25,0.020296120942757945,0.001,10,24,14,0.22,0.23066573685286906,0.05,0.011533286842643454
Myotis daubentonii,In flight,sdm_tuning_Myotis_daubentonii_In_flight,171,COMPLETE,0.5050131502855032,0.787018647122356,0.08159318369310152,0.25,0.02039829592327538,0.001,10,25,15,0.25,0.2321440182715504,0.05,0.01160720091357752
Myotis daubentonii,In flight,sdm_tuning_Myotis_daubentonii_In_flight,172,COMPLETE,0.5492114362398932,0.7550010376704783,0.10923910455773606,0.25,0.027309776139434014,0.001,10,22,12,0.166,0.2495965058230228,0.05,0.012479825291151141
Myotis daubentonii,In flight,sdm_tuning_Myotis_daubentonii_In_flight,173,COMPLETE,0.5607857971942453,0.7639610211573858,0.09878159468795776,0.25,0.02469539867198944,0.001,10,22,12,0.166,0.2495965058230228,0.05,0.012479825291151141
Myotis daubentonii,In flight,sdm_tuning_Myotis_daubentonii_In_flight,174,COMPLETE,0.5701337848026405,0.7968234166309683,0.09151370208873667,0.25,0.02287842552218417,0.001,10,23,13,0.192,0.2362241261228717,0.05,0.011811206306143586
Myotis daubentonii,In flight,sdm_tuning_Myotis_daubentonii_In_flight,175,COMPLETE,0.5203736682447963,0.7489958900862721,0.09852815359667892,0.25,0.02463203839916973,0.001,10,23,13,0.192,0.23980366884612225,0.05,0.011990183442306113
Myotis daubentonii,In flight,sdm_tuning_Myotis_daubentonii_In_flight,176,COMPLETE,0.5180336370043658,0.7465903500180285,0.09826611828542704,0.25,0.02456652957135676,0.001,10,23,13,0.192,0.23980366884612225,0.05,0.011990183442306113
Myotis daubentonii,In flight,sdm_tuning_Myotis_daubentonii_In_flight,177,COMPLETE,0.5202223082447649,0.7488226399130221,0.09844059290380487,0.25,0.024610148225951218,0.001,10,23,13,0.192,0.23980366884612225,0.05,0.011990183442306113
Myotis daubentonii,In flight,sdm_tuning_Myotis_daubentonii_In_flight,178,COMPLETE,0.49537833461742536,0.7754367919889913,0.07197190771013928,0.25,0.01799297692753482,0.001,10,25,15,0.25,0.2413096088806214,0.05,0.01206548044403107
Myotis daubentonii,In flight,sdm_tuning_Myotis_daubentonii_In_flight,179,COMPLETE,0.4920170218753873,0.772978109345916,0.07552944946110222,0.25,0.018882362365275556,0.001,10,25,15,0.25,0.24157450210506434,0.05,0.012078725105253218
Myotis daubentonii,In flight,sdm_tuning_Myotis_daubentonii_In_flight,180,COMPLETE,0.498097507588132,0.7792464169466043,0.07815516458583224,0.25,0.01953879114645806,0.001,10,25,15,0.25,0.2322023642402855,0.05,0.011610118212014277
Myotis daubentonii,In flight,sdm_tuning_Myotis_daubentonii_In_flight,181,COMPLETE,0.468987096220866,0.7829632560772725,0.08134000887052759,0.25,0.020335002217631896,0.001,10,26,16,0.28200000000000003,0.23282315277549243,0.05,0.011641157638774623
Myotis daubentonii,In flight,sdm_tuning_Myotis_daubentonii_In_flight,182,COMPLETE,0.5237183871659961,0.7744641585229889,0.07543897879119325,0.25,0.018859744697798313,0.001,10,24,14,0.22,0.2377205331838905,0.05,0.011886026659194526
Myotis daubentonii,In flight,sdm_tuning_Myotis_daubentonii_In_flight,183,COMPLETE,0.4966413207869385,0.7767985513526522,0.0723670004867306,0.25,0.01809175012168265,0.001,10,25,15,0.25,0.2413096088806214,0.05,0.01206548044403107
Myotis daubentonii,In flight,sdm_tuning_Myotis_daubentonii_In_flight,184,COMPLETE,0.46524523004094454,0.778118247862739,0.07459504740925532,0.25,0.01864876185231383,0.001,10,26,16,0.28200000000000003,0.24448511938961257,0.05,0.01222425596948063
Myotis daubentonii,In flight,sdm_tuning_Myotis_daubentonii_In_flight,185,COMPLETE,0.5035050667313627,0.7815197155537787,0.06327400331377293,0.25,0.015818500828443233,0.001,10,25,15,0.25,0.24392295987945545,0.05,0.012196147993972773
Myotis daubentonii,In flight,sdm_tuning_Myotis_daubentonii_In_flight,186,COMPLETE,0.48860673919541164,0.8037937474226693,0.085267471488354,0.25,0.0213168678720885,0.001,10,26,16,0.28200000000000003,0.2374028071033821,0.05,0.011870140355169105
Myotis daubentonii,In flight,sdm_tuning_Myotis_daubentonii_In_flight,187,COMPLETE,0.5419500032389044,0.7934298248032023,0.0797552585205356,0.25,0.0199388146301339,0.001,10,24,14,0.22,0.23082013868328188,0.05,0.011541006934164095
Myotis daubentonii,In flight,sdm_tuning_Myotis_daubentonii_In_flight,188,COMPLETE,0.5359837868278627,0.7908790700879266,0.09188513388345304,0.25,0.02297128347086326,0.001,10,24,14,0.22,0.238479995784012,0.05,0.0119239997892006
Myotis daubentonii,In flight,sdm_tuning_Myotis_daubentonii_In_flight,189,COMPLETE,0.5377075679383173,0.7932286231354405,0.09438822163169072,0.25,0.02359705540792268,0.001,10,24,14,0.22,0.238479995784012,0.05,0.0119239997892006
Myotis daubentonii,In flight,sdm_tuning_Myotis_daubentonii_In_flight,190,COMPLETE,0.5419869923429791,0.7934640488875919,0.07974419844179519,0.25,0.019936049610448797,0.001,10,24,14,0.22,0.23082013868328188,0.05,0.011541006934164095
Myotis daubentonii,In flight,sdm_tuning_Myotis_daubentonii_In_flight,191,COMPLETE,0.5420943887972932,0.7935999260506685,0.07985812127684501,0.25,0.019964530319211252,0.001,10,24,14,0.22,0.23082013868328188,0.05,0.011541006934164095
Myotis daubentonii,In flight,sdm_tuning_Myotis_daubentonii_In_flight,192,COMPLETE,0.5442326227650806,0.7950721663105978,0.07719414644541303,0.25,0.019298536611353258,0.001,10,24,14,0.22,0.23082013868328188,0.05,0.011541006934164095
Myotis daubentonii,In flight,sdm_tuning_Myotis_daubentonii_In_flight,193,COMPLETE,0.6000847995549318,0.802452147673045,0.09720319467295557,0.25,0.024300798668238893,0.001,10,22,12,0.166,0.24133098899748512,0.05,0.012066549449874257
Myotis daubentonii,In flight,sdm_tuning_Myotis_daubentonii_In_flight,194,COMPLETE,0.5996635202336792,0.8020600323370974,0.09731985061417585,0.25,0.024329962653543962,0.001,10,22,12,0.166,0.24133098899748512,0.05,0.012066549449874257
Myotis daubentonii,In flight,sdm_tuning_Myotis_daubentonii_In_flight,195,COMPLETE,0.602354436616926,0.804155291568693,0.09739535630472235,0.25,0.024348839076180587,0.001,10,22,12,0.166,0.2290403175117275,0.05,0.011452015875586375
Myotis daubentonii,In flight,sdm_tuning_Myotis_daubentonii_In_flight,196,COMPLETE,0.6023343676784204,0.8034078898385996,0.09448602513837095,0.25,0.02362150628459274,0.001,10,22,12,0.166,0.2290403175117275,0.05,0.011452015875586375
Myotis daubentonii,In flight,sdm_tuning_Myotis_daubentonii_In_flight,197,COMPLETE,0.5684339148719665,0.7935683923362599,0.08810337878059808,0.25,0.02202584469514952,0.001,10,23,13,0.192,0.22217265538287462,0.05,0.011108632769143732
Myotis daubentonii,In flight,sdm_tuning_Myotis_daubentonii_In_flight,198,COMPLETE,0.5687677623158535,0.7939746986844796,0.08839321439792953,0.25,0.022098303599482384,0.001,10,23,13,0.192,0.22217265538287462,0.05,0.011108632769143732
Myotis daubentonii,In flight,sdm_tuning_Myotis_daubentonii_In_flight,199,COMPLETE,0.5021345431511167,0.7849889052876399,0.08597459560164902,0.25,0.021493648900412256,0.001,10,25,15,0.25,0.22721426472221645,0.05,0.011360713236110823
Myotis daubentonii,In flight,sdm_tuning_Myotis_daubentonii_In_flight,200,COMPLETE,0.5390998947108498,0.7922386509571012,0.08736618715464484,0.25,0.02184154678866121,0.001,10,24,14,0.22,0.22594418915180334,0.05,0.011297209457590168
Myotis daubentonii,In flight,sdm_tuning_Myotis_daubentonii_In_flight,201,COMPLETE,0.5408137097897929,0.7943476284853438,0.088946836951843,0.25,0.02223670923796075,0.001,10,24,14,0.22,0.22594418915180334,0.05,0.011297209457590168
Myotis daubentonii,In flight,sdm_tuning_Myotis_daubentonii_In_flight,202,COMPLETE,0.539398523935366,0.7924238304511689,0.08691238823285122,0.25,0.021728097058212804,0.001,10,24,14,0.22,0.22594418915180334,0.05,0.011297209457590168
Myotis daubentonii,In flight,sdm_tuning_Myotis_daubentonii_In_flight,203,COMPLETE,0.49787481362267055,0.8117631462791838,0.08164516780412467,0.25,0.02041129195103117,0.001,10,26,16,0.28200000000000003,0.22954081410964014,0.05,0.011477040705482007
Myotis daubentonii,In flight,sdm_tuning_Myotis_daubentonii_In_flight,204,COMPLETE,0.5335366387600791,0.8180521876274627,0.09256340253955303,0.25,0.023140850634888258,0.001,10,25,15,0.25,0.22749396464990804,0.05,0.011374698232495402
Myotis daubentonii,In flight,sdm_tuning_Myotis_daubentonii_In_flight,205,COMPLETE,0.515357736071048,0.7993940285863345,0.09242278412590037,0.25,0.023105696031475092,0.001,10,25,15,0.25,0.21861192967622975,0.05,0.010930596483811488
Myotis daubentonii,In flight,sdm_tuning_Myotis_daubentonii_In_flight,206,COMPLETE,0.4239212676206811,0.8156332422360276,0.1168447948499929,0.25,0.029211198712498224,0.001,10,28,18,0.35200000000000004,0.21001551805696542,0.05,0.010500775902848272
Myotis daubentonii,In flight,sdm_tuning_Myotis_daubentonii_In_flight,207,COMPLETE,0.3872400659059693,0.8504051097009938,0.09096361459022778,0.25,0.022740903647556945,0.001,10,30,20,0.43000000000000005,0.20848280294934896,0.05,0.010424140147467448
Myotis daubentonii,In flight,sdm_tuning_Myotis_daubentonii_In_flight,208,COMPLETE,0.38095194253796877,0.8438389065385868,0.08893115178096272,0.25,0.02223278794524068,0.001,10,30,20,0.43000000000000005,0.2130835211075479,0.05,0.010654176055377397
Myotis daubentonii,In flight,sdm_tuning_Myotis_daubentonii_In_flight,209,COMPLETE,0.24285528424644387,0.828110317932409,0.05555869722253488,0.25,0.01388967430563372,0.001,10,33,23,0.562,0.18730718760662693,0.05,0.009365359380331346
Myotis daubentonii,In flight,sdm_tuning_Myotis_daubentonii_In_flight,210,COMPLETE,0.5378320657348903,0.8189280620168402,0.0818763139389674,0.25,0.02046907848474185,0.001,10,25,15,0.25,0.21253835594415957,0.05,0.01062691779720798
Myotis daubentonii,In flight,sdm_tuning_Myotis_daubentonii_In_flight,211,COMPLETE,0.4286719925277626,0.8165138658004493,0.10403743972926822,0.25,0.026009359932317056,0.001,10,28,18,0.35200000000000004,0.19665026680739264,0.05,0.009832513340369633
Myotis daubentonii,In flight,sdm_tuning_Myotis_daubentonii_In_flight,212,COMPLETE,0.4200873174665842,0.844494847148963,0.09688683798366515,0.25,0.024221709495916288,0.001,10,29,19,0.39,0.20371640372924885,0.05,0.010185820186462443
Myotis daubentonii,In flight,sdm_tuning_Myotis_daubentonii_In_flight,213,COMPLETE,0.38758954370800697,0.8510415564937,0.0936394190621786,0.25,0.02340985476554465,0.001,10,30,20,0.43000000000000005,0.20084316040296474,0.05,0.010042158020148238
Myotis daubentonii,In flight,sdm_tuning_Myotis_daubentonii_In_flight,214,COMPLETE,0.29566397740395167,0.8394732523306985,0.07277925533275444,0.25,0.01819481383318861,0.001,10,32,22,0.516,0.19228922187116285,0.05,0.009614461093558143
Myotis daubentonii,In flight,sdm_tuning_Myotis_daubentonii_In_flight,215,COMPLETE,0.3430398456491228,0.8411965120022379,0.0666867103019184,0.25,0.0166716775754796,0.001,10,31,21,0.472,0.18969977555270928,0.05,0.009484988777635464
Myotis daubentonii,In flight,sdm_tuning_Myotis_daubentonii_In_flight,216,COMPLETE,0.5438059273945137,0.8564721623973123,0.08405509157926418,0.25,0.021013772894816044,0.001,10,26,16,0.28200000000000003,0.19304924215964947,0.05,0.009652462107982474
Myotis daubentonii,In flight,sdm_tuning_Myotis_daubentonii_In_flight,217,COMPLETE,0.4645059501145195,0.7793499665659258,0.09103188008010182,0.25,0.022757970020025456,0.001,10,26,16,0.28200000000000003,0.20172092862761676,0.05,0.010086046431380839
Myotis daubentonii,In flight,sdm_tuning_Myotis_daubentonii_In_flight,218,COMPLETE,0.4821548447582227,0.7600061563586465,0.06921517708196892,0.25,0.01730379427049223,0.001,10,25,15,0.25,0.21095034659863277,0.05,0.010547517329931639
Myotis daubentonii,In flight,sdm_tuning_Myotis_daubentonii_In_flight,219,COMPLETE,0.5426973468374225,0.7632154605560673,0.06825825501641491,0.25,0.01706456375410373,0.001,10,23,13,0.192,0.22907099929081856,0.05,0.011453549964540928
Myotis daubentonii,In flight,sdm_tuning_Myotis_daubentonii_In_flight,220,COMPLETE,0.5681559867259073,0.7942881074375919,0.09209395177016375,0.25,0.023023487942540936,0.001,10,23,13,0.192,0.22217265538287462,0.05,0.011108632769143732
Myotis daubentonii,In flight,sdm_tuning_Myotis_daubentonii_In_flight,221,COMPLETE,0.5313095547529328,0.7498399010541212,0.061686854128178925,0.25,0.015421713532044731,0.001,10,23,13,0.192,0.22217265538287462,0.05,0.011108632769143732
Myotis daubentonii,In flight,sdm_tuning_Myotis_daubentonii_In_flight,222,COMPLETE,0.5992323613793847,0.7994540173307069,0.09343915804576727,0.25,0.02335978951144182,0.001,10,22,12,0.166,0.21723732879760516,0.05,0.010861866439880258
Myotis daubentonii,In flight,sdm_tuning_Myotis_daubentonii_In_flight,223,COMPLETE,0.5991583907533845,0.7993915097231251,0.09348501011944103,0.25,0.02337125252986026,0.001,10,22,12,0.166,0.21723732879760516,0.05,0.010861866439880258
Myotis daubentonii,In flight,sdm_tuning_Myotis_daubentonii_In_flight,224,COMPLETE,0.510452352441039,0.7583020826870435,0.0692681666635846,0.25,0.01731704166589615,0.001,10,24,14,0.22,0.2106537716021665,0.05,0.010532688580108326
Myotis daubentonii,In flight,sdm_tuning_Myotis_daubentonii_In_flight,225,COMPLETE,0.4532719997518285,0.7282674626139126,0.05777700672394076,0.25,0.01444425168098519,0.001,10,25,15,0.25,0.21102422362197829,0.05,0.010551211181098915
Myotis daubentonii,In flight,sdm_tuning_Myotis_daubentonii_In_flight,226,COMPLETE,0.5119574850377543,0.7620683245470358,0.07470514160497083,0.25,0.018676285401242707,0.001,10,24,14,0.22,0.22869108216077697,0.05,0.011434554108038848
Myotis daubentonii,In flight,sdm_tuning_Myotis_daubentonii_In_flight,227,COMPLETE,0.5520169228059835,0.7432806621432958,0.06131028588826441,0.25,0.015327571472066103,0.001,10,22,12,0.166,0.19872335730492469,0.05,0.009936167865246235
Myotis daubentonii,In flight,sdm_tuning_Myotis_daubentonii_In_flight,228,COMPLETE,0.4944344202137301,0.7132172614998736,0.06757871764238485,0.25,0.016894679410596213,0.001,10,23,13,0.192,0.19776323751094615,0.05,0.009888161875547308
Myotis daubentonii,In flight,sdm_tuning_Myotis_daubentonii_In_flight,229,COMPLETE,0.6234016195590749,0.8000657317150152,0.09486760889761478,0.25,0.023716902224403695,0.001,10,21,11,0.142,0.21894419863072997,0.05,0.0109472099315365
Myotis daubentonii,In flight,sdm_tuning_Myotis_daubentonii_In_flight,230,COMPLETE,0.5968707498990915,0.7680986213295405,0.07388612947814671,0.25,0.018471532369536678,0.001,10,21,11,0.142,0.21512678121824602,0.05,0.010756339060912301
Myotis daubentonii,In flight,sdm_tuning_Myotis_daubentonii_In_flight,231,COMPLETE,0.5721731672411401,0.7686745141608764,0.07640599042286056,0.25,0.01910149760571514,0.001,10,22,12,0.166,0.22799698628042314,0.05,0.011399849314021158
Myotis daubentonii,In flight,sdm_tuning_Myotis_daubentonii_In_flight,232,COMPLETE,0.5988544137704179,0.7679955296728457,0.062319474433249936,0.25,0.015579868608312484,0.001,10,21,11,0.142,0.2312249458823042,0.05,0.01156124729411521
Myotis daubentonii,In flight,sdm_tuning_Myotis_daubentonii_In_flight,233,COMPLETE,0.4757364490998012,0.723031184655525,0.06686135598135444,0.25,0.01671533899533861,0.001,10,24,14,0.22,0.21158793120770455,0.05,0.010579396560385229
Myotis daubentonii,In flight,sdm_tuning_Myotis_daubentonii_In_flight,234,COMPLETE,0.5330729336861687,0.7545548826630283,0.07206791303869854,0.25,0.018016978259674635,0.001,10,23,13,0.192,0.22929941434369824,0.05,0.011464970717184914
Myotis daubentonii,In flight,sdm_tuning_Myotis_daubentonii_In_flight,235,COMPLETE,0.5490992356654685,0.7445590595845696,0.07198880535381251,0.25,0.017997201338453128,0.001,10,22,12,0.166,0.2292524516129584,0.05,0.01146262258064792
Myotis daubentonii,In flight,sdm_tuning_Myotis_daubentonii_In_flight,236,COMPLETE,0.5998935311356675,0.7721826369002728,0.07653066746872056,0.25,0.01913266686718014,0.001,10,21,11,0.142,0.22312877794850167,0.05,0.011156438897425083
Myotis daubentonii,In flight,sdm_tuning_Myotis_daubentonii_In_flight,237,COMPLETE,0.49380299871687094,0.7376704091368064,0.05610956514700687,0.25,0.014027391286751718,0.001,10,24,14,0.22,0.19680038266367597,0.05,0.0098400191331838
Myotis daubentonii,In flight,sdm_tuning_Myotis_daubentonii_In_flight,238,COMPLETE,0.5022972497021081,0.7499523303326617,0.07201311661743597,0.25,0.01800327915435899,0.001,10,24,14,0.22,0.1930360295238941,0.05,0.009651801476194705
Myotis daubentonii,In flight,sdm_tuning_Myotis_daubentonii_In_flight,239,COMPLETE,0.540822704490871,0.7320266047872535,0.06355976099833895,0.25,0.015889940249584737,0.001,10,22,12,0.166,0.18627920093595246,0.05,0.009313960046797623
Myotis daubentonii,In flight,sdm_tuning_Myotis_daubentonii_In_flight,240,COMPLETE,0.6282778744970867,0.7770939341243067,0.07269499012403292,0.25,0.01817374753100823,0.001,10,20,10,0.12000000000000001,0.21284624192423607,0.05,0.010642312096211803
Myotis daubentonii,In flight,sdm_tuning_Myotis_daubentonii_In_flight,241,COMPLETE,0.546105066174311,0.7359851954398736,0.05577584560126575,0.25,0.013943961400316437,0.001,10,22,12,0.166,0.19872335730492469,0.05,0.009936167865246235
Myotis daubentonii,In flight,sdm_tuning_Myotis_daubentonii_In_flight,242,COMPLETE,0.5203925956477873,0.7369839441023615,0.055885779809226085,0.25,0.013971444952306521,0.001,10,23,13,0.192,0.2123980700453517,0.05,0.010619903502267585
Myotis daubentonii,In flight,sdm_tuning_Myotis_daubentonii_In_flight,243,COMPLETE,0.5202261053351893,0.7368650203484738,0.05607604604406734,0.25,0.014019011511016834,0.001,10,23,13,0.192,0.2123980700453517,0.05,0.010619903502267585
Myotis daubentonii,In flight,sdm_tuning_Myotis_daubentonii_In_flight,244,COMPLETE,0.5731435731878236,0.7381758946210132,0.05264689667477753,0.25,0.013161724168694383,0.001,10,21,11,0.142,0.19741194528990205,0.05,0.009870597264495103
Myotis daubentonii,In flight,sdm_tuning_Myotis_daubentonii_In_flight,245,COMPLETE,0.570024721345791,0.7709294589081866,0.09351534290895844,0.25,0.02337883572723961,0.001,10,22,12,0.166,0.23051803670312002,0.05,0.011525901835156002
Myotis daubentonii,In flight,sdm_tuning_Myotis_daubentonii_In_flight,246,COMPLETE,0.5960664261798909,0.7726616175651936,0.09316273034481065,0.25,0.023290682586202663,0.001,10,21,11,0.142,0.22609017598199982,0.05,0.011304508799099992
Myotis daubentonii,In flight,sdm_tuning_Myotis_daubentonii_In_flight,247,COMPLETE,0.596119357071244,0.7727021828699933,0.09311326799859727,0.25,0.02327831699964932,0.001,10,21,11,0.142,0.22609017598199982,0.05,0.011304508799099992
Myotis daubentonii,In flight,sdm_tuning_Myotis_daubentonii_In_flight,248,COMPLETE,0.5986958496229012,0.767826952128624,0.06227942084642978,0.25,0.015569855211607446,0.001,10,21,11,0.142,0.2312249458823042,0.05,0.01156124729411521
Myotis daubentonii,In flight,sdm_tuning_Myotis_daubentonii_In_flight,249,COMPLETE,0.5987363500334301,0.7679341820455251,0.06254633887191925,0.25,0.015636584717979813,0.001,10,21,11,0.142,0.2312249458823042,0.05,0.01156124729411521
Myotis daubentonii,In flight,sdm_tuning_Myotis_daubentonii_In_flight,250,COMPLETE,0.5973241313838255,0.7670164513759952,0.064524290792218,0.25,0.0161310726980545,0.001,10,21,11,0.142,0.2312249458823042,0.05,0.01156124729411521
Myotis daubentonii,In flight,sdm_tuning_Myotis_daubentonii_In_flight,251,COMPLETE,0.5958305578610728,0.7661626824449407,0.0680023000558274,0.25,0.01700057501395685,0.001,10,21,11,0.142,0.22663099139822332,0.05,0.011331549569911167
Myotis daubentonii,In flight,sdm_tuning_Myotis_daubentonii_In_flight,252,COMPLETE,0.6229025868286893,0.7705772925498576,0.06553770426660895,0.25,0.016384426066652236,0.001,10,20,10,0.12000000000000001,0.22580559309032155,0.05,0.011290279654516079
Myotis daubentonii,In flight,sdm_tuning_Myotis_daubentonii_In_flight,253,COMPLETE,0.5962818767730428,0.7729372949889322,0.09340363766715756,0.25,0.02335090941678939,0.001,10,21,11,0.142,0.22609017598199982,0.05,0.011304508799099992
Myotis daubentonii,In flight,sdm_tuning_Myotis_daubentonii_In_flight,254,COMPLETE,0.5962449647025233,0.7726866762253147,0.09254881089476602,0.25,0.023137202723691505,0.001,10,21,11,0.142,0.22609017598199982,0.05,0.011304508799099992
Myotis daubentonii,In flight,sdm_tuning_Myotis_daubentonii_In_flight,255,COMPLETE,0.5683632671436266,0.7679827616583225,0.08905715910421182,0.25,0.022264289776052954,0.001,10,22,12,0.166,0.22710409477285626,0.05,0.011355204738642814
Myotis daubentonii,In flight,sdm_tuning_Myotis_daubentonii_In_flight,256,COMPLETE,0.5674307077598336,0.7672049720387816,0.08967623816122042,0.25,0.022419059540305104,0.001,10,22,12,0.166,0.22710409477285626,0.05,0.011355204738642814
Myotis daubentonii,In flight,sdm_tuning_Myotis_daubentonii_In_flight,257,COMPLETE,0.5673796825407316,0.7671524552843758,0.08967027202000571,0.25,0.02241756800500143,0.001,10,22,12,0.166,0.22710409477285626,0.05,0.011355204738642814
Myotis daubentonii,In flight,sdm_tuning_Myotis_daubentonii_In_flight,258,COMPLETE,0.5844565279693541,0.7864001898406716,0.09989555497693162,0.25,0.024973888744232904,0.001,10,22,12,0.166,0.21939546254169176,0.05,0.010969773127084588
Myotis daubentonii,In flight,sdm_tuning_Myotis_daubentonii_In_flight,259,COMPLETE,0.585824969294186,0.7880901324913414,0.10118156028028293,0.25,0.02529539007007073,0.001,10,22,12,0.166,0.21939546254169176,0.05,0.010969773127084588
Myotis daubentonii,In flight,sdm_tuning_Myotis_daubentonii_In_flight,260,COMPLETE,0.5450235928923337,0.7706631411090017,0.09024390618538106,0.25,0.022560976546345264,0.001,10,23,13,0.192,0.22157143340645477,0.05,0.011078571670322739
Myotis daubentonii,In flight,sdm_tuning_Myotis_daubentonii_In_flight,261,COMPLETE,0.5438886375270424,0.7692204266483106,0.0890128698037815,0.25,0.022253217450945374,0.001,10,23,13,0.192,0.22157143340645477,0.05,0.011078571670322739
Myotis daubentonii,In flight,sdm_tuning_Myotis_daubentonii_In_flight,262,COMPLETE,0.5683487455531012,0.7679719891626583,0.08907215548365693,0.25,0.022268038870914234,0.001,10,22,12,0.166,0.22710409477285626,0.05,0.011355204738642814
Myotis daubentonii,In flight,sdm_tuning_Myotis_daubentonii_In_flight,263,COMPLETE,0.5449904702474615,0.7706132838873133,0.09017696787811584,0.25,0.02254424196952896,0.001,10,23,13,0.192,0.22157143340645477,0.05,0.011078571670322739
Myotis daubentonii,In flight,sdm_tuning_Myotis_daubentonii_In_flight,264,COMPLETE,0.5470402548517757,0.7728726591851892,0.09101533065236335,0.25,0.022753832663090837,0.001,10,23,13,0.192,0.22157143340645477,0.05,0.011078571670322739
Myotis daubentonii,In flight,sdm_tuning_Myotis_daubentonii_In_flight,265,COMPLETE,0.585664251498781,0.7880038609660712,0.10147934536082269,0.25,0.025369836340205672,0.001,10,22,12,0.166,0.21939546254169176,0.05,0.010969773127084588
Myotis daubentonii,In flight,sdm_tuning_Myotis_daubentonii_In_flight,266,COMPLETE,0.5959128955527334,0.7726281583856757,0.09364301613536914,0.25,0.023410754033842286,0.001,10,21,11,0.142,0.22609017598199982,0.05,0.011304508799099992
Myotis daubentonii,In flight,sdm_tuning_Myotis_daubentonii_In_flight,267,COMPLETE,0.585350785006608,0.7877722523092938,0.10180677670240472,0.25,0.02545169417560118,0.001,10,22,12,0.166,0.21939546254169176,0.05,0.010969773127084588
Myotis daubentonii,In flight,sdm_tuning_Myotis_daubentonii_In_flight,268,COMPLETE,0.5269319811690454,0.7523787531977786,0.08955773074066002,0.25,0.022389432685165005,0.001,10,23,13,0.192,0.2211467868713641,0.05,0.011057339343568206
Myotis daubentonii,In flight,sdm_tuning_Myotis_daubentonii_In_flight,269,COMPLETE,0.5031558730645175,0.7575900161159129,0.09151531739974966,0.25,0.022878829349937416,0.001,10,24,14,0.22,0.23110627402916034,0.05,0.011555313701458018
Myotis daubentonii,In flight,sdm_tuning_Myotis_daubentonii_In_flight,270,COMPLETE,0.5037240532688453,0.7582368885021076,0.0918300861272171,0.25,0.022957521531804276,0.001,10,24,14,0.22,0.23110627402916034,0.05,0.011555313701458018
Myotis daubentonii,In flight,sdm_tuning_Myotis_daubentonii_In_flight,271,COMPLETE,0.500694216434283,0.7545705134150458,0.08928393311721908,0.25,0.02232098327930477,0.001,10,24,14,0.22,0.23110627402916034,0.05,0.011555313701458018
Myotis daubentonii,In flight,sdm_tuning_Myotis_daubentonii_In_flight,272,COMPLETE,0.5250913492897022,0.7526832800360754,0.09567955467842774,0.25,0.023919888669606936,0.001,10,23,13,0.192,0.23344084153532504,0.05,0.011672042076766254
Myotis daubentonii,In flight,sdm_tuning_Myotis_daubentonii_In_flight,273,COMPLETE,0.5714616842038095,0.7731484375489145,0.09627141656272449,0.25,0.024067854140681123,0.001,10,22,12,0.166,0.23237798408847715,0.05,0.011618899204423858
Myotis daubentonii,In flight,sdm_tuning_Myotis_daubentonii_In_flight,274,COMPLETE,0.5251516547907928,0.7527507804645737,0.09570833438805827,0.25,0.023927083597014568,0.001,10,23,13,0.192,0.23344084153532504,0.05,0.011672042076766254
Myotis daubentonii,In flight,sdm_tuning_Myotis_daubentonii_In_flight,275,COMPLETE,0.5433599962037524,0.7435316992850742,0.09193696544602191,0.25,0.022984241361505477,0.001,10,22,12,0.166,0.2237492343963266,0.05,0.01118746171981633
Myotis daubentonii,In flight,sdm_tuning_Myotis_daubentonii_In_flight,276,COMPLETE,0.5233412088206908,0.7507752695225517,0.09504807450037842,0.25,0.023762018625094604,0.001,10,23,13,0.192,0.23344084153532504,0.05,0.011672042076766254
Myotis daubentonii,In flight,sdm_tuning_Myotis_daubentonii_In_flight,277,COMPLETE,0.5844439046216119,0.7864408082352697,0.10010852194629295,0.25,0.025027130486573238,0.001,10,22,12,0.166,0.21939546254169176,0.05,0.010969773127084588
Myotis daubentonii,In flight,sdm_tuning_Myotis_daubentonii_In_flight,278,COMPLETE,0.5816886440302417,0.7806844880669276,0.088246532470574,0.25,0.0220616331176435,0.001,10,22,12,0.166,0.2186842183808468,0.05,0.010934210919042342
Myotis daubentonii,In flight,sdm_tuning_Myotis_daubentonii_In_flight,279,COMPLETE,0.5590198141432283,0.7594906351078995,0.09485063489901532,0.25,0.02371265872475383,0.001,10,22,12,0.166,0.21516324479834747,0.05,0.010758162239917374
Myotis daubentonii,In flight,sdm_tuning_Myotis_daubentonii_In_flight,280,COMPLETE,0.6033997062538893,0.7761849799444946,0.08117288646472978,0.25,0.020293221616182446,0.001,10,21,11,0.142,0.20984104148845917,0.05,0.010492052074422959
Myotis daubentonii,In flight,sdm_tuning_Myotis_daubentonii_In_flight,281,COMPLETE,0.5596841927654301,0.7602588204136369,0.09526586163315759,0.25,0.023816465408289397,0.001,10,22,12,0.166,0.21516324479834747,0.05,0.010758162239917374
Myotis daubentonii,In flight,sdm_tuning_Myotis_daubentonii_In_flight,282,COMPLETE,0.5833493099846214,0.7776971019101832,0.07214384992279052,0.25,0.01803596248069763,0.001,10,22,12,0.166,0.206236588897282,0.05,0.0103118294448641
Myotis daubentonii,In flight,sdm_tuning_Myotis_daubentonii_In_flight,283,COMPLETE,0.5392490930543739,0.7644381815640849,0.09042253163605736,0.25,0.02260563290901434,0.001,10,23,13,0.192,0.21166911201393493,0.05,0.010583455600696748
Myotis daubentonii,In flight,sdm_tuning_Myotis_daubentonii_In_flight,284,COMPLETE,0.5784269418433647,0.7723310041138527,0.0703689313024955,0.25,0.017592232825623874,0.001,10,22,12,0.166,0.206236588897282,0.05,0.0103118294448641
Myotis daubentonii,In flight,sdm_tuning_Myotis_daubentonii_In_flight,285,COMPLETE,0.5369757652943068,0.7613808422664322,0.0872864854857145,0.25,0.021821621371428623,0.001,10,23,13,0.192,0.21166911201393493,0.05,0.010583455600696748
Myotis daubentonii,In flight,sdm_tuning_Myotis_daubentonii_In_flight,286,COMPLETE,0.5660858680955373,0.7649603554654383,0.08788944891972147,0.25,0.02197236222993037,0.001,10,22,12,0.166,0.21804250279941204,0.05,0.010902125139970603
Myotis daubentonii,In flight,sdm_tuning_Myotis_daubentonii_In_flight,287,COMPLETE,0.5669701343426761,0.7665726703310604,0.09080164339365468,0.25,0.02270041084841367,0.001,10,22,12,0.166,0.21804250279941204,0.05,0.010902125139970603
Myotis daubentonii,In flight,sdm_tuning_Myotis_daubentonii_In_flight,288,COMPLETE,0.5115726966745665,0.7654204525530682,0.08973643177735664,0.25,0.02243410794433916,0.001,10,24,14,0.22,0.22827295868325184,0.05,0.011413647934162593
Myotis daubentonii,In flight,sdm_tuning_Myotis_daubentonii_In_flight,289,COMPLETE,0.6064047213007782,0.7857982337079646,0.10492938256214064,0.25,0.02623234564053516,0.001,10,21,11,0.142,0.22322333533302638,0.05,0.011161166766651319
Myotis daubentonii,In flight,sdm_tuning_Myotis_daubentonii_In_flight,290,COMPLETE,0.4962650812556979,0.7828534251550149,0.10222884284912619,0.25,0.025557210712281547,0.001,10,25,15,0.25,0.22062266374070855,0.05,0.011031133187035427
Myotis daubentonii,In flight,sdm_tuning_Myotis_daubentonii_In_flight,291,COMPLETE,0.5829980559016305,0.8055209897186787,0.08029068253624776,0.25,0.02007267063406194,0.001,10,23,13,0.192,0.2090052636597241,0.05,0.010450263182986206
Myotis daubentonii,In flight,sdm_tuning_Myotis_daubentonii_In_flight,292,COMPLETE,0.5866004234781886,0.8100133774024886,0.08332808479270713,0.25,0.020832021198176783,0.001,10,23,13,0.192,0.21161865452246353,0.05,0.010580932726123177
Myotis daubentonii,In flight,sdm_tuning_Myotis_daubentonii_In_flight,293,COMPLETE,0.5860943920673786,0.8095824265190458,0.08362840690217632,0.25,0.02090710172554408,0.001,10,23,13,0.192,0.21161865452246353,0.05,0.010580932726123177
Myotis daubentonii,In flight,sdm_tuning_Myotis_daubentonii_In_flight,294,COMPLETE,0.6085701672907723,0.8050584113866446,0.08051819844902543,0.25,0.020129549612256357,0.001,10,22,12,0.166,0.20717388967231934,0.05,0.010358694483615968
Myotis daubentonii,In flight,sdm_tuning_Myotis_daubentonii_In_flight,295,COMPLETE,0.6046843260619476,0.8010027897965962,0.07800417855588675,0.25,0.019501044638971687,0.001,10,22,12,0.166,0.2163483819135378,0.05,0.010817419095676892
Myotis daubentonii,In flight,sdm_tuning_Myotis_daubentonii_In_flight,296,COMPLETE,0.6134515488130974,0.7839089992347864,0.06832039268064669,0.25,0.01708009817016167,0.001,10,21,11,0.142,0.227547045030547,0.05,0.011377352251527351
Myotis daubentonii,In flight,sdm_tuning_Myotis_daubentonii_In_flight,297,COMPLETE,0.5829196263984344,0.7530515925707639,0.07075298123380991,0.25,0.017688245308452477,0.001,10,21,11,0.142,0.20887441727754086,0.05,0.010443720863877043
Myotis daubentonii,In flight,sdm_tuning_Myotis_daubentonii_In_flight,298,COMPLETE,0.5763688766142229,0.7749872201010829,0.08575151031222251,0.25,0.02143787757805563,0.001,10,22,12,0.166,0.22360931817608726,0.05,0.011180465908804364
Myotis daubentonii,In flight,sdm_tuning_Myotis_daubentonii_In_flight,299,COMPLETE,0.601579857018301,0.7981907550738202,0.07860617754048378,0.25,0.019651544385120946,0.001,10,22,12,0.166,0.21918707340796498,0.05,0.010959353670398249
Myotis daubentonii,In flight,sdm_tuning_Myotis_daubentonii_In_flight,300,COMPLETE,0.5943656999261689,0.8215967299655943,0.09820418989869407,0.25,0.02455104747467352,0.001,10,23,13,0.192,0.21359965129503525,0.05,0.010679982564751764
Myotis daubentonii,In flight,sdm_tuning_Myotis_daubentonii_In_flight,301,COMPLETE,0.4899613775705207,0.7691227986963491,0.07295565265362547,0.25,0.018238913163406367,0.001,10,25,15,0.25,0.21845015924844016,0.05,0.010922507962422008
Myotis daubentonii,In flight,sdm_tuning_Myotis_daubentonii_In_flight,302,COMPLETE,0.4439130606521428,0.7550016846750895,0.07317463338886893,0.25,0.01829365834721723,0.001,10,26,16,0.28200000000000003,0.21589931351459055,0.05,0.010794965675729528
Myotis daubentonii,In flight,sdm_tuning_Myotis_daubentonii_In_flight,303,COMPLETE,0.48241980608980123,0.7968894007295114,0.08584513999018817,0.25,0.021461284997547042,0.001,10,26,16,0.28200000000000003,0.22016619284326172,0.05,0.011008309642163087
Myotis daubentonii,In flight,sdm_tuning_Myotis_daubentonii_In_flight,304,COMPLETE,0.3928354287651417,0.7740399200114524,0.07349681291853882,0.25,0.018374203229634706,0.001,10,28,18,0.35200000000000004,0.21660576033351953,0.05,0.010830288016675977
Myotis daubentonii,In flight,sdm_tuning_Myotis_daubentonii_In_flight,305,COMPLETE,0.5143885610506265,0.7609688911298222,0.06425234780823091,0.25,0.01606308695205773,0.001,10,24,14,0.22,0.21034486254276194,0.05,0.010517243127138098
Myotis daubentonii,In flight,sdm_tuning_Myotis_daubentonii_In_flight,306,COMPLETE,0.40902558869002215,0.7547954756603817,0.07628560542069929,0.25,0.019071401355174822,0.001,10,27,17,0.316,0.2139697123036958,0.05,0.010698485615184791
Myotis daubentonii,In flight,sdm_tuning_Myotis_daubentonii_In_flight,307,COMPLETE,0.4785701936464834,0.755200532768965,0.061893484325052095,0.25,0.015473371081263024,0.001,10,25,15,0.25,0.2231393608243722,0.05,0.01115696804121861
Myotis daubentonii,In flight,sdm_tuning_Myotis_daubentonii_In_flight,308,COMPLETE,0.41087320475214306,0.7949530426585735,0.08407135893576555,0.25,0.021017839733941387,0.001,10,28,18,0.35200000000000004,0.22123996344978097,0.05,0.011061998172489049
Myotis daubentonii,In flight,sdm_tuning_Myotis_daubentonii_In_flight,309,COMPLETE,0.39581333626413356,0.7824199881393157,0.0891211243002048,0.25,0.0222802810750512,0.001,10,28,18,0.35200000000000004,0.24652741600261796,0.05,0.012326370800130899
Myotis daubentonii,In flight,sdm_tuning_Myotis_daubentonii_In_flight,310,COMPLETE,0.4696248807799861,0.7854986050152925,0.08674274267614643,0.25,0.021685685669036607,0.001,10,26,16,0.28200000000000003,0.2437607713253943,0.05,0.012188038566269717
Myotis daubentonii,In flight,sdm_tuning_Myotis_daubentonii_In_flight,311,COMPLETE,0.5426006540904569,0.7980502931964768,0.09369286262630631,0.25,0.02342321565657658,0.001,10,24,14,0.22,0.24052846898886676,0.05,0.012026423449443338
Myotis daubentonii,In flight,sdm_tuning_Myotis_daubentonii_In_flight,312,COMPLETE,0.4993566403479827,0.7848131525588044,0.0922792745104143,0.25,0.023069818627603576,0.001,10,25,15,0.25,0.24773387166436087,0.05,0.012386693583218044
Myotis daubentonii,In flight,sdm_tuning_Myotis_daubentonii_In_flight,313,COMPLETE,0.5681197145193926,0.792995235278004,0.08120141464345858,0.25,0.020300353660864644,0.001,10,23,13,0.192,0.25150334195493534,0.05,0.012575167097746767
Myotis daubentonii,In flight,sdm_tuning_Myotis_daubentonii_In_flight,314,COMPLETE,0.5959186735760267,0.7900165339889526,0.06198804368900415,0.25,0.015497010922251038,0.001,10,22,12,0.166,0.2520169898134952,0.05,0.01260084949067476
Myotis daubentonii,In flight,sdm_tuning_Myotis_daubentonii_In_flight,315,COMPLETE,0.5175789265427923,0.7708371275862363,0.0822847134921599,0.25,0.020571178373039976,0.001,10,24,14,0.22,0.2537404534080817,0.05,0.012687022670404086
Myotis daubentonii,In flight,sdm_tuning_Myotis_daubentonii_In_flight,316,COMPLETE,0.6293321192987115,0.7976929895276405,0.06074992261469344,0.25,0.01518748065367336,0.001,10,21,11,0.142,0.22346779150511092,0.05,0.011173389575255547
Myotis daubentonii,In flight,sdm_tuning_Myotis_daubentonii_In_flight,317,COMPLETE,0.6040509788593906,0.7983890191204969,0.06590152546612679,0.25,0.016475381366531698,0.001,10,22,12,0.166,0.23725317789149042,0.05,0.011862658894574522
Myotis daubentonii,In flight,sdm_tuning_Myotis_daubentonii_In_flight,318,COMPLETE,0.5999416926494382,0.7935519963594405,0.0673556514043408,0.25,0.0168389128510852,0.001,10,22,12,0.166,0.21542781717834253,0.05,0.010771390858917127
Myotis daubentonii,In flight,sdm_tuning_Myotis_daubentonii_In_flight,319,COMPLETE,0.6022503850795893,0.771710682611225,0.06676230141690481,0.25,0.016690575354226203,0.001,10,21,11,0.142,0.21539444354818946,0.05,0.010769722177409473
Myotis daubentonii,In flight,sdm_tuning_Myotis_daubentonii_In_flight,320,COMPLETE,0.6033644241583994,0.7702688085848658,0.05747715040651533,0.25,0.014369287601628833,0.001,10,21,11,0.142,0.21070193649675034,0.05,0.010535096824837518
Myotis daubentonii,In flight,sdm_tuning_Myotis_daubentonii_In_flight,321,COMPLETE,0.583189745518346,0.77942953618243,0.07835929979073303,0.25,0.019589824947683257,0.001,10,22,12,0.166,0.212999314328016,0.05,0.0106499657164008
Myotis daubentonii,In flight,sdm_tuning_Myotis_daubentonii_In_flight,322,COMPLETE,0.5792580986737216,0.7747253174083406,0.07403407024966895,0.25,0.018508517562417236,0.001,10,22,12,0.166,0.21917402344403578,0.05,0.010958701172201789
Myotis daubentonii,In flight,sdm_tuning_Myotis_daubentonii_In_flight,323,COMPLETE,0.5628741488845385,0.7857946690806111,0.08043534586442784,0.25,0.02010883646610696,0.001,10,23,13,0.192,0.21623367459931617,0.05,0.010811683729965809
Myotis daubentonii,In flight,sdm_tuning_Myotis_daubentonii_In_flight,324,COMPLETE,0.5673375927422606,0.787720409799194,0.071338690117924,0.25,0.017834672529481,0.001,10,23,13,0.192,0.21096289054904976,0.05,0.010548144527452489
Myotis daubentonii,In flight,sdm_tuning_Myotis_daubentonii_In_flight,325,COMPLETE,0.6200350513522227,0.7881668571429984,0.06094985410744838,0.25,0.015237463526862095,0.001,10,21,11,0.142,0.21788684527827318,0.05,0.01089434226391366
Myotis daubentonii,In flight,sdm_tuning_Myotis_daubentonii_In_flight,326,COMPLETE,0.5816298272063304,0.758521237544358,0.09422021353155517,0.25,0.023555053382888793,0.001,10,21,11,0.142,0.22672713910277628,0.05,0.011336356955138814
Myotis daubentonii,In flight,sdm_tuning_Myotis_daubentonii_In_flight,327,COMPLETE,0.5427430451934535,0.770313239767531,0.10043914022924941,0.25,0.025109785057312352,0.001,10,23,13,0.192,0.20920819033530333,0.05,0.010460409516765167
Myotis daubentonii,In flight,sdm_tuning_Myotis_daubentonii_In_flight,328,COMPLETE,0.5400217656160707,0.7662378281269019,0.09502261197626358,0.25,0.023755652994065894,0.001,10,23,13,0.192,0.20920819033530333,0.05,0.010460409516765167
Myotis daubentonii,In flight,sdm_tuning_Myotis_daubentonii_In_flight,329,COMPLETE,0.5427427238094532,0.7703261361724367,0.10049201138487335,0.25,0.025123002846218337,0.001,10,23,13,0.192,0.20920819033530333,0.05,0.010460409516765167
Myotis daubentonii,In flight,sdm_tuning_Myotis_daubentonii_In_flight,330,COMPLETE,0.5736951115725633,0.7714469377976622,0.08548177489695752,0.25,0.02137044372423938,0.001,10,22,12,0.166,0.20762765001718997,0.05,0.0103813825008595
Myotis daubentonii,In flight,sdm_tuning_Myotis_daubentonii_In_flight,331,COMPLETE,0.5533555559758582,0.7789834751643872,0.09026290670267825,0.25,0.022565726675669563,0.001,10,23,13,0.192,0.22124385025718932,0.05,0.011062192512859467
Myotis daubentonii,In flight,sdm_tuning_Myotis_daubentonii_In_flight,332,COMPLETE,0.558015602306177,0.7858214103744215,0.09897446222154056,0.25,0.02474361555538514,0.001,10,23,13,0.192,0.22124385025718932,0.05,0.011062192512859467
Myotis daubentonii,In flight,sdm_tuning_Myotis_daubentonii_In_flight,333,COMPLETE,0.5391764196260833,0.7923774345219697,0.0903760499321744,0.25,0.0225940124830436,0.001,10,24,14,0.22,0.21214004825685778,0.05,0.01060700241284289
Myotis daubentonii,In flight,sdm_tuning_Myotis_daubentonii_In_flight,334,COMPLETE,0.5561538164176373,0.7782342674021043,0.08053092208671654,0.25,0.020132730521679135,0.001,10,23,13,0.192,0.19895440925575916,0.05,0.00994772046278796
Myotis daubentonii,In flight,sdm_tuning_Myotis_daubentonii_In_flight,335,COMPLETE,0.5213550636174746,0.7728635776542566,0.08205483331267659,0.25,0.020513708328169147,0.001,10,24,14,0.22,0.2198961141722581,0.05,0.010994805708612906
Myotis daubentonii,In flight,sdm_tuning_Myotis_daubentonii_In_flight,336,COMPLETE,0.5062008953176471,0.7878793946565912,0.08450478515275818,0.25,0.021126196288189545,0.001,10,25,15,0.25,0.21104606101509063,0.05,0.010552303050754532
Myotis daubentonii,In flight,sdm_tuning_Myotis_daubentonii_In_flight,337,COMPLETE,0.5712900596425627,0.768256414647167,0.0823398900149788,0.25,0.0205849725037447,0.001,10,22,12,0.166,0.20762765001718997,0.05,0.0103813825008595
Myotis daubentonii,In flight,sdm_tuning_Myotis_daubentonii_In_flight,338,COMPLETE,0.5059250313575142,0.787012785654556,0.08214180498514932,0.25,0.02053545124628733,0.001,10,25,15,0.25,0.21104606101509063,0.05,0.010552303050754532
Myotis daubentonii,In flight,sdm_tuning_Myotis_daubentonii_In_flight,339,COMPLETE,0.5407454957952667,0.7948328850048375,0.09392154718691229,0.25,0.02348038679672807,0.001,10,24,14,0.22,0.21214004825685778,0.05,0.01060700241284289
Myotis daubentonii,In flight,sdm_tuning_Myotis_daubentonii_In_flight,340,COMPLETE,0.5060797909593092,0.787651757978813,0.0840786558749971,0.25,0.021019663968749276,0.001,10,25,15,0.25,0.21104606101509063,0.05,0.010552303050754532
Myotis daubentonii,In flight,sdm_tuning_Myotis_daubentonii_In_flight,341,COMPLETE,0.5226764809225697,0.7704908602842107,0.07171429359950454,0.25,0.017928573399876135,0.001,10,24,14,0.22,0.1977161192352951,0.05,0.009885805961764756
Myotis daubentonii,In flight,sdm_tuning_Myotis_daubentonii_In_flight,342,COMPLETE,0.5263633375550991,0.7743121494967099,0.07171755643698506,0.25,0.017929389109246265,0.001,10,24,14,0.22,0.20038845664729177,0.05,0.010019422832364589
Myotis daubentonii,In flight,sdm_tuning_Myotis_daubentonii_In_flight,343,COMPLETE,0.5103189655060614,0.7589736047146669,0.07313536153383017,0.25,0.018283840383457543,0.001,10,24,14,0.22,0.20741597650295973,0.05,0.010370798825147987
Myotis daubentonii,In flight,sdm_tuning_Myotis_daubentonii_In_flight,344,COMPLETE,0.6041486153262523,0.7711460454366437,0.05784933314221519,0.25,0.014462333285553797,0.001,10,21,11,0.142,0.21070193649675034,0.05,0.010535096824837518
Myotis daubentonii,In flight,sdm_tuning_Myotis_daubentonii_In_flight,345,COMPLETE,0.6046919166812651,0.771628631609404,0.05760647241320517,0.25,0.014401618103301293,0.001,10,21,11,0.142,0.21070193649675034,0.05,0.010535096824837518
Myotis daubentonii,In flight,sdm_tuning_Myotis_daubentonii_In_flight,346,COMPLETE,0.6023300668934304,0.7721189021074842,0.0670751794046177,0.25,0.016768794851154425,0.001,10,21,11,0.142,0.2204008072579878,0.05,0.011020040362899391
Myotis daubentonii,In flight,sdm_tuning_Myotis_daubentonii_In_flight,347,COMPLETE,0.5859125768295197,0.766389537954511,0.10739343267508311,0.25,0.026848358168770778,0.001,10,21,11,0.142,0.23257205912441212,0.05,0.011628602956220606
Myotis daubentonii,In flight,sdm_tuning_Myotis_daubentonii_In_flight,348,COMPLETE,0.5768573596733881,0.7560208723808987,0.10380405424690059,0.25,0.025951013561725148,0.001,10,21,11,0.142,0.22424998291570816,0.05,0.011212499145785409
Myotis daubentonii,In flight,sdm_tuning_Myotis_daubentonii_In_flight,349,COMPLETE,0.6051464586335167,0.7636400148680069,0.10962700560499168,0.25,0.02740675140124792,0.001,10,20,10,0.12000000000000001,0.22173609666484567,0.05,0.011086804833242285
Myotis daubentonii,In flight,sdm_tuning_Myotis_daubentonii_In_flight,350,COMPLETE,0.5753587883116695,0.7550024039027515,0.10649430091273034,0.25,0.026623575228182584,0.001,10,21,11,0.142,0.2204008072579878,0.05,0.011020040362899391
Myotis daubentonii,In flight,sdm_tuning_Myotis_daubentonii_In_flight,351,COMPLETE,0.5490182128762048,0.7520530024282772,0.10333021923434507,0.25,0.025832554808586268,0.001,10,22,12,0.166,0.2240446948697231,0.05,0.011202234743486155
Myotis daubentonii,In flight,sdm_tuning_Myotis_daubentonii_In_flight,352,COMPLETE,0.6056507365177669,0.7850484523278144,0.10601349418453562,0.25,0.026503373546133906,0.001,10,21,11,0.142,0.21788684527827318,0.05,0.01089434226391366
Myotis daubentonii,In flight,sdm_tuning_Myotis_daubentonii_In_flight,353,COMPLETE,0.6136349492429463,0.7810745852534479,0.05818117498635197,0.25,0.014545293746587992,0.001,10,21,11,0.142,0.21788684527827318,0.05,0.01089434226391366
Myotis daubentonii,In flight,sdm_tuning_Myotis_daubentonii_In_flight,354,COMPLETE,0.5800480432379186,0.7594875421213918,0.10490799895075151,0.25,0.026226999737687877,0.001,10,21,11,0.142,0.22424998291570816,0.05,0.011212499145785409
Myotis daubentonii,In flight,sdm_tuning_Myotis_daubentonii_In_flight,355,COMPLETE,0.5737992254124419,0.7646250393443186,0.05664814626508159,0.25,0.014162036566270398,0.001,10,22,12,0.166,0.21327554731212647,0.05,0.010663777365606324
Myotis daubentonii,In flight,sdm_tuning_Myotis_daubentonii_In_flight,356,COMPLETE,0.5286737722485567,0.7572315853079369,0.10359186792929692,0.25,0.02589796698232423,0.001,10,23,13,0.192,0.21319692154111694,0.05,0.010659846077055848
Myotis daubentonii,In flight,sdm_tuning_Myotis_daubentonii_In_flight,357,COMPLETE,0.558915060461496,0.7784822331260299,0.06951942556074586,0.25,0.017379856390186466,0.001,10,23,13,0.192,0.20374632548694868,0.05,0.010187316274347435
Myotis daubentonii,In flight,sdm_tuning_Myotis_daubentonii_In_flight,358,COMPLETE,0.5570982580621945,0.7771470116792351,0.07144574937077222,0.25,0.017861437342693055,0.001,10,23,13,0.192,0.20374632548694868,0.05,0.010187316274347435
Myotis daubentonii,In flight,sdm_tuning_Myotis_daubentonii_In_flight,359,COMPLETE,0.5318800941816884,0.7875542577964453,0.1026202868801187,0.25,0.025655071720029676,0.001,10,24,14,0.22,0.2003818378945457,0.05,0.010019091894727286
Myotis daubentonii,In flight,sdm_tuning_Myotis_daubentonii_In_flight,360,COMPLETE,0.48177157846065655,0.769630451634231,0.10989643069747126,0.25,0.027474107674367816,0.001,10,25,15,0.25,0.20769530998413227,0.05,0.010384765499206614
Myotis daubentonii,In flight,sdm_tuning_Myotis_daubentonii_In_flight,361,COMPLETE,0.5136860493588455,0.8361041209823837,0.12105096927783805,0.25,0.030262742319459513,0.001,10,26,16,0.28200000000000003,0.20310658608157486,0.05,0.010155329304078744
Myotis daubentonii,In flight,sdm_tuning_Myotis_daubentonii_In_flight,362,COMPLETE,0.48041614196219323,0.8362571326545192,0.11877659355634573,0.25,0.029694148389086433,0.001,10,27,17,0.316,0.2029368460647894,0.05,0.010146842303239471
Myotis daubentonii,In flight,sdm_tuning_Myotis_daubentonii_In_flight,363,COMPLETE,0.5122731345441054,0.8279631739500353,0.09743808259105365,0.25,0.02435952064776341,0.001,10,26,16,0.28200000000000003,0.18661037516332948,0.05,0.009330518758166475
Myotis daubentonii,In flight,sdm_tuning_Myotis_daubentonii_In_flight,364,COMPLETE,0.38839211721778555,0.8182351697977367,0.1211423584725495,0.25,0.030285589618137376,0.001,10,29,19,0.39,0.19114925923627454,0.05,0.009557462961813729
Myotis daubentonii,In flight,sdm_tuning_Myotis_daubentonii_In_flight,365,COMPLETE,0.4323366513216724,0.7511966597702804,0.10614725530743867,0.25,0.026536813826859667,0.001,10,26,16,0.28200000000000003,0.20646389243496494,0.05,0.010323194621748247
Myotis daubentonii,In flight,sdm_tuning_Myotis_daubentonii_In_flight,366,COMPLETE,0.4727903479183698,0.8295545949408484,0.12638824281599653,0.25,0.03159706070399913,0.001,10,27,17,0.316,0.18334372636958826,0.05,0.009167186318479414
Myotis daubentonii,In flight,sdm_tuning_Myotis_daubentonii_In_flight,367,COMPLETE,0.47343288764525504,0.8278920578770723,0.11343259795009308,0.25,0.02835814948752327,0.001,10,27,17,0.316,0.202020414885881,0.05,0.01010102074429405
Myotis daubentonii,In flight,sdm_tuning_Myotis_daubentonii_In_flight,368,COMPLETE,0.5852169512522062,0.7838374370726301,0.0887814758513892,0.25,0.0221953689628473,0.001,10,22,12,0.166,0.20850233715153144,0.05,0.010425116857576572
Myotis daubentonii,In flight,sdm_tuning_Myotis_daubentonii_In_flight,369,COMPLETE,0.5631668180929996,0.785236666261843,0.08169039528819282,0.25,0.020422598822048204,0.001,10,23,13,0.192,0.19294498693590412,0.05,0.009647249346795207
Myotis daubentonii,In flight,sdm_tuning_Myotis_daubentonii_In_flight,370,COMPLETE,0.6200320867008513,0.7760551633863404,0.10351371835337057,0.25,0.025878429588342643,0.001,10,20,10,0.12000000000000001,0.20289294194292856,0.05,0.01014464709714643
Myotis daubentonii,In flight,sdm_tuning_Myotis_daubentonii_In_flight,371,COMPLETE,0.5419844298658674,0.7917971683570793,0.08365385941841187,0.25,0.020913464854602968,0.001,10,24,14,0.22,0.1779854727321789,0.05,0.008899273636608945
Myotis daubentonii,In flight,sdm_tuning_Myotis_daubentonii_In_flight,372,COMPLETE,0.5940423883224981,0.7730893599770807,0.10840360688746938,0.25,0.027100901721867344,0.001,10,21,11,0.142,0.1989213986543063,0.05,0.009946069932715317
Myotis daubentonii,In flight,sdm_tuning_Myotis_daubentonii_In_flight,373,COMPLETE,0.5143363374914517,0.7699171612090953,0.10002652857698205,0.25,0.025006632144245512,0.001,10,24,14,0.22,0.2114838314679623,0.05,0.010574191573398116
Myotis daubentonii,In flight,sdm_tuning_Myotis_daubentonii_In_flight,374,COMPLETE,0.5600225101563824,0.7630451216358208,0.10404117908603194,0.25,0.026010294771507986,0.001,10,22,12,0.166,0.22024633415860914,0.05,0.011012316707930458
Myotis daubentonii,In flight,sdm_tuning_Myotis_daubentonii_In_flight,375,COMPLETE,0.6046747396326303,0.8038975532931262,0.08786027022501558,0.25,0.021965067556253895,0.001,10,22,12,0.166,0.22515492208483753,0.05,0.011257746104241878
Myotis daubentonii,In flight,sdm_tuning_Myotis_daubentonii_In_flight,376,COMPLETE,0.5592768656225847,0.7582965900245368,0.08595844150652782,0.25,0.021489610376631954,0.001,10,22,12,0.166,0.23060228050639903,0.05,0.011530114025319952
Myotis daubentonii,In flight,sdm_tuning_Myotis_daubentonii_In_flight,377,COMPLETE,0.5199218518304868,0.7157235571629511,0.07499519404225166,0.25,0.018748798510562915,0.001,10,22,12,0.166,0.2210581364380274,0.05,0.011052906821901371
Myotis daubentonii,In flight,sdm_tuning_Myotis_daubentonii_In_flight,378,COMPLETE,0.5377763737966337,0.7316675546202909,0.06735309600702281,0.25,0.016838274001755704,0.001,10,22,12,0.166,0.2210581364380274,0.05,0.011052906821901371
Myotis daubentonii,In flight,sdm_tuning_Myotis_daubentonii_In_flight,379,COMPLETE,0.5129765618071548,0.7593634799605127,0.06044669045163339,0.25,0.015111672612908347,0.001,10,24,14,0.22,0.22550491080899127,0.05,0.011275245540449563
Myotis daubentonii,In flight,sdm_tuning_Myotis_daubentonii_In_flight,380,COMPLETE,0.5449960920166471,0.7639675779220556,0.06230941357778709,0.25,0.015577353394446772,0.001,10,23,13,0.192,0.22788265021923543,0.05,0.011394132510961772
Myotis daubentonii,In flight,sdm_tuning_Myotis_daubentonii_In_flight,381,COMPLETE,0.6145054197241625,0.7908716691261609,0.09190797498862352,0.25,0.02297699374715588,0.001,10,21,11,0.142,0.2277851130968509,0.05,0.011389255654842546
Myotis daubentonii,In flight,sdm_tuning_Myotis_daubentonii_In_flight,382,COMPLETE,0.6041872652497035,0.803456655882965,0.08804657811607824,0.25,0.02201164452901956,0.001,10,22,12,0.166,0.22515492208483753,0.05,0.011257746104241878
Myotis daubentonii,In flight,sdm_tuning_Myotis_daubentonii_In_flight,383,COMPLETE,0.5724929197683061,0.7899767304668802,0.05906616254740251,0.25,0.014766540636850628,0.001,10,23,13,0.192,0.21434540123446902,0.05,0.010717270061723452
Myotis daubentonii,In flight,sdm_tuning_Myotis_daubentonii_In_flight,384,COMPLETE,0.5105708043402961,0.7861242851810304,0.05992729558508221,0.25,0.014981823896270553,0.001,10,25,15,0.25,0.2114331388892743,0.05,0.010571656944463716
Myotis daubentonii,In flight,sdm_tuning_Myotis_daubentonii_In_flight,385,COMPLETE,0.5102379000195921,0.7859451188027555,0.0605422473547986,0.25,0.01513556183869965,0.001,10,25,15,0.25,0.2114331388892743,0.05,0.010571656944463716
Myotis daubentonii,In flight,sdm_tuning_Myotis_daubentonii_In_flight,386,COMPLETE,0.5102781897731704,0.7860028688605056,0.060612088571486145,0.25,0.015153022142871536,0.001,10,25,15,0.25,0.2114331388892743,0.05,0.010571656944463716
Myotis daubentonii,In flight,sdm_tuning_Myotis_daubentonii_In_flight,387,COMPLETE,0.5036605252353898,0.779554755544897,0.06129029346017347,0.25,0.015322573365043368,0.001,10,25,15,0.25,0.2114331388892743,0.05,0.010571656944463716
Myotis daubentonii,In flight,sdm_tuning_Myotis_daubentonii_In_flight,388,COMPLETE,0.4661854037502298,0.7785492956996181,0.07971566829161296,0.25,0.01992891707290324,0.001,10,26,16,0.28200000000000003,0.20869949752969982,0.05,0.010434974876484992
Myotis daubentonii,In flight,sdm_tuning_Myotis_daubentonii_In_flight,389,COMPLETE,0.4662137946946225,0.7785709766214909,0.07968882820153333,0.25,0.019922207050383334,0.001,10,26,16,0.28200000000000003,0.20869949752969982,0.05,0.010434974876484992
Myotis daubentonii,In flight,sdm_tuning_Myotis_daubentonii_In_flight,390,COMPLETE,0.4661854037502298,0.7785492956996181,0.0797156682916129,0.25,0.019928917072903226,0.001,10,26,16,0.28200000000000003,0.20869949752969982,0.05,0.010434974876484992
Myotis daubentonii,In flight,sdm_tuning_Myotis_daubentonii_In_flight,391,COMPLETE,0.4674349558730447,0.784820768757554,0.10266529074482297,0.25,0.025666322686205743,0.001,10,26,16,0.28200000000000003,0.19438980396607164,0.05,0.009719490198303583
Myotis daubentonii,In flight,sdm_tuning_Myotis_daubentonii_In_flight,392,COMPLETE,0.47158067074946924,0.7802885927730001,0.06744902928028457,0.25,0.016862257320071142,0.001,10,26,16,0.28200000000000003,0.19691329406919336,0.05,0.00984566470345967
Myotis daubentonii,In flight,sdm_tuning_Myotis_daubentonii_In_flight,393,COMPLETE,0.5186440389176145,0.8045181750102236,0.1060879763962443,0.25,0.026521994099061075,0.001,10,25,15,0.25,0.18704283987096162,0.05,0.009352141993548082
Myotis daubentonii,In flight,sdm_tuning_Myotis_daubentonii_In_flight,394,COMPLETE,0.5280752505899089,0.8118069517316989,0.09567126343454323,0.25,0.023917815858635807,0.001,10,25,15,0.25,0.19627770566308453,0.05,0.009813885283154227
Myotis daubentonii,In flight,sdm_tuning_Myotis_daubentonii_In_flight,395,COMPLETE,0.5897779111390188,0.8189448833434261,0.10923574791095475,0.25,0.027308936977738688,0.001,10,23,13,0.192,0.1971607045333691,0.05,0.009858035226668456
Myotis daubentonii,In flight,sdm_tuning_Myotis_daubentonii_In_flight,396,COMPLETE,0.519883200287065,0.8043280998105374,0.09667218213608003,0.25,0.024168045534020008,0.001,10,25,15,0.25,0.20553707978904942,0.05,0.010276853989452472
Myotis daubentonii,In flight,sdm_tuning_Myotis_daubentonii_In_flight,397,COMPLETE,0.6060145548584425,0.8071599964868317,0.10242026589168549,0.25,0.02560506647292137,0.001,10,22,12,0.166,0.19080750310935626,0.05,0.009540375155467814
Myotis daubentonii,In flight,sdm_tuning_Myotis_daubentonii_In_flight,398,COMPLETE,0.4894799364794804,0.7755979041014412,0.10332543368802342,0.25,0.025831358422005856,0.001,10,25,15,0.25,0.2057321839990993,0.05,0.010286609199954964
Myotis daubentonii,In flight,sdm_tuning_Myotis_daubentonii_In_flight,399,COMPLETE,0.6412382899573598,0.8171924724733032,0.09246242350196493,0.25,0.023115605875491232,0.001,10,21,11,0.142,0.21677153280904374,0.05,0.010838576640452187
Myotis daubentonii,In flight,sdm_tuning_Myotis_daubentonii_In_flight,400,COMPLETE,0.5073389640457057,0.761971482528811,0.09625325747756948,0.25,0.02406331436939237,0.001,10,24,14,0.22,0.21138408227425923,0.05,0.010569204113712961
Myotis daubentonii,In flight,sdm_tuning_Myotis_daubentonii_In_flight,401,COMPLETE,0.5385414367495686,0.7906514143922346,0.08610550640735608,0.25,0.02152637660183902,0.001,10,24,14,0.22,0.2116720208165417,0.05,0.010583601040827086
Myotis daubentonii,In flight,sdm_tuning_Myotis_daubentonii_In_flight,402,COMPLETE,0.520964961827379,0.7785416696464026,0.10323649086978764,0.25,0.02580912271744691,0.001,10,24,14,0.22,0.23535170203153427,0.05,0.011767585101576715
Myotis daubentonii,In flight,sdm_tuning_Myotis_daubentonii_In_flight,403,COMPLETE,0.5494135158172571,0.8045658871259492,0.0942624902663203,0.25,0.023565622566580076,0.001,10,24,14,0.22,0.23173497484224226,0.05,0.011586748742112114
Myotis daubentonii,In flight,sdm_tuning_Myotis_daubentonii_In_flight,404,COMPLETE,0.47717289267064206,0.7616658190983522,0.09613867006341993,0.25,0.024034667515854983,0.001,10,25,15,0.25,0.2091651782371021,0.05,0.010458258911855105
Myotis daubentonii,In flight,sdm_tuning_Myotis_daubentonii_In_flight,405,COMPLETE,0.5350578562165956,0.7868172795429738,0.08688231252411484,0.25,0.02172057813102871,0.001,10,24,14,0.22,0.2007769039069906,0.05,0.010038845195349531
Myotis daubentonii,In flight,sdm_tuning_Myotis_daubentonii_In_flight,406,COMPLETE,0.5572713844342123,0.7819086164965955,0.08985499291280967,0.25,0.022463748228202417,0.001,10,23,13,0.192,0.2034696766836135,0.05,0.010173483834180675
Myotis daubentonii,In flight,sdm_tuning_Myotis_daubentonii_In_flight,407,COMPLETE,0.4981459314114678,0.778957984477291,0.08112600154513327,0.25,0.02028150038628332,0.001,10,25,15,0.25,0.21061105359079954,0.05,0.010530552679539978
Myotis daubentonii,In flight,sdm_tuning_Myotis_daubentonii_In_flight,408,COMPLETE,0.48721273465767295,0.7707757521642934,0.09140409502199036,0.25,0.02285102375549759,0.001,10,25,15,0.25,0.21423987502245628,0.05,0.010711993751122815
Myotis daubentonii,In flight,sdm_tuning_Myotis_daubentonii_In_flight,409,COMPLETE,0.524702931299992,0.8094305251872207,0.09552136436154485,0.25,0.023880341090386212,0.001,10,25,15,0.25,0.2169450559368501,0.05,0.010847252796842505
Myotis daubentonii,In flight,sdm_tuning_Myotis_daubentonii_In_flight,410,COMPLETE,0.4948891871244205,0.7728060666196438,0.07017945711133391,0.25,0.01754486427783348,0.001,10,25,15,0.25,0.20744030434779556,0.05,0.010372015217389778
Myotis daubentonii,In flight,sdm_tuning_Myotis_daubentonii_In_flight,411,COMPLETE,0.4974485866070857,0.7781691851668026,0.07876673155243476,0.25,0.01969168288810869,0.001,10,25,15,0.25,0.22057831343216255,0.05,0.011028915671608129
Myotis daubentonii,In flight,sdm_tuning_Myotis_daubentonii_In_flight,412,COMPLETE,0.5648200149755414,0.7882603577324164,0.07906938573433095,0.25,0.019767346433582737,0.001,10,23,13,0.192,0.23345992646584868,0.05,0.011672996323292434
Myotis daubentonii,In flight,sdm_tuning_Myotis_daubentonii_In_flight,413,COMPLETE,0.4677954249762003,0.7523733285572725,0.09177879848306753,0.25,0.02294469962076688,0.001,10,25,15,0.25,0.23266407920610685,0.05,0.011633203960305344
Myotis daubentonii,In flight,sdm_tuning_Myotis_daubentonii_In_flight,414,COMPLETE,0.38758714911988307,0.7394814094848163,0.09619854006106379,0.25,0.024049635015265948,0.001,10,27,17,0.316,0.23689250699334713,0.05,0.011844625349667357
Myotis daubentonii,In flight,sdm_tuning_Myotis_daubentonii_In_flight,415,COMPLETE,0.5357682269256396,0.7322830711547432,0.07971773285060413,0.25,0.019929433212651032,0.001,10,22,12,0.166,0.21170822032905096,0.05,0.010585411016452549
Myotis daubentonii,In flight,sdm_tuning_Myotis_daubentonii_In_flight,416,COMPLETE,0.5153915722404673,0.735240629610154,0.06691528526241483,0.25,0.016728821315603708,0.001,10,23,13,0.192,0.22240472108166096,0.05,0.01112023605408305
Myotis daubentonii,In flight,sdm_tuning_Myotis_daubentonii_In_flight,417,COMPLETE,0.5784350097072548,0.7717433775983391,0.06291438375711236,0.25,0.01572859593927809,0.001,10,22,12,0.166,0.2315954390361227,0.05,0.011579771951806136
Myotis daubentonii,In flight,sdm_tuning_Myotis_daubentonii_In_flight,418,COMPLETE,0.46659842336030516,0.7517530166583319,0.09352700960315583,0.25,0.023381752400788956,0.001,10,25,15,0.25,0.2354568179447559,0.05,0.011772840897237796
Myotis daubentonii,In flight,sdm_tuning_Myotis_daubentonii_In_flight,419,COMPLETE,0.4943833811118132,0.7488256408829584,0.09122724056382052,0.25,0.02280681014095513,0.001,10,24,14,0.22,0.23270899260380398,0.05,0.0116354496301902
Myotis daubentonii,In flight,sdm_tuning_Myotis_daubentonii_In_flight,420,COMPLETE,0.5398846507436205,0.7706790966986024,0.10838702906113765,0.25,0.02709675726528441,0.001,10,23,13,0.192,0.2339537737939481,0.05,0.011697688689697406
Myotis daubentonii,In flight,sdm_tuning_Myotis_daubentonii_In_flight,421,COMPLETE,0.5303344482814351,0.7593340961657603,0.10120783677851079,0.25,0.025301959194627698,0.001,10,23,13,0.192,0.2339537737939481,0.05,0.011697688689697406
Myotis daubentonii,In flight,sdm_tuning_Myotis_daubentonii_In_flight,422,COMPLETE,0.5397627714839349,0.7705378680522945,0.1083096315146485,0.25,0.027077407878662123,0.001,10,23,13,0.192,0.2339537737939481,0.05,0.011697688689697406
Myotis daubentonii,In flight,sdm_tuning_Myotis_daubentonii_In_flight,423,COMPLETE,0.5683941211129986,0.750103543699117,0.11471047699603658,0.25,0.028677619249009145,0.001,10,21,11,0.142,0.22063606674218605,0.05,0.011031803337109304
Myotis daubentonii,In flight,sdm_tuning_Myotis_daubentonii_In_flight,424,COMPLETE,0.5920770706512923,0.7675616360096472,0.08720669958584132,0.25,0.02180167489646033,0.001,10,21,11,0.142,0.23365780923789098,0.05,0.01168289046189455
Myotis daubentonii,In flight,sdm_tuning_Myotis_daubentonii_In_flight,425,COMPLETE,0.591731581258405,0.7672252033747182,0.08724292661767488,0.25,0.02181073165441872,0.001,10,21,11,0.142,0.23365780923789098,0.05,0.01168289046189455
Myotis daubentonii,In flight,sdm_tuning_Myotis_daubentonii_In_flight,426,COMPLETE,0.5613958177606626,0.7567106588337061,0.07095083210952595,0.25,0.017737708027381487,0.001,10,22,12,0.166,0.23154266091324052,0.05,0.011577133045662026
Myotis daubentonii,In flight,sdm_tuning_Myotis_daubentonii_In_flight,427,COMPLETE,0.5611623509931546,0.7564892035424012,0.07099887801433845,0.25,0.017749719503584612,0.001,10,22,12,0.166,0.23154266091324052,0.05,0.011577133045662026
Myotis daubentonii,In flight,sdm_tuning_Myotis_daubentonii_In_flight,428,COMPLETE,0.5762541625246511,0.7727951097324022,0.07712008441435755,0.25,0.01928002110358939,0.001,10,22,12,0.166,0.22521852208323337,0.05,0.01126092610416167
Myotis daubentonii,In flight,sdm_tuning_Myotis_daubentonii_In_flight,429,COMPLETE,0.6085436552936435,0.7621733687014373,0.09319539788713647,0.25,0.02329884947178412,0.001,10,20,10,0.12000000000000001,0.20661727872019348,0.05,0.010330863936009675
Myotis daubentonii,In flight,sdm_tuning_Myotis_daubentonii_In_flight,430,COMPLETE,0.6448083666038628,0.781648302956146,0.10398088960169026,0.25,0.025995222400422565,0.001,10,19,9,0.1,0.21689427903721517,0.05,0.01084471395186076
Myotis daubentonii,In flight,sdm_tuning_Myotis_daubentonii_In_flight,431,COMPLETE,0.5999193872311419,0.7753381972150478,0.08900686673828669,0.25,0.02225171668457167,0.001,10,21,11,0.142,0.22334186598668285,0.05,0.011167093299334144
Myotis daubentonii,In flight,sdm_tuning_Myotis_daubentonii_In_flight,432,COMPLETE,0.6006333849164941,0.7759803840104381,0.0887196231784393,0.25,0.022179905794609826,0.001,10,21,11,0.142,0.22334186598668285,0.05,0.011167093299334144
Myotis daubentonii,In flight,sdm_tuning_Myotis_daubentonii_In_flight,433,COMPLETE,0.6353321542154764,0.7924513688458088,0.10156327016959545,0.25,0.02539081754239886,0.001,10,20,10,0.12000000000000001,0.2345679417586688,0.05,0.01172839708793344
Myotis daubentonii,In flight,sdm_tuning_Myotis_daubentonii_In_flight,434,COMPLETE,0.5997488362304468,0.7752089272670789,0.0891719909491915,0.25,0.022292997737297874,0.001,10,21,11,0.142,0.22334186598668285,0.05,0.011167093299334144
Myotis daubentonii,In flight,sdm_tuning_Myotis_daubentonii_In_flight,435,COMPLETE,0.6330595006026587,0.7896803170299574,0.09956967735746121,0.25,0.024892419339365302,0.001,10,20,10,0.12000000000000001,0.2345679417586688,0.05,0.01172839708793344
Myotis daubentonii,In flight,sdm_tuning_Myotis_daubentonii_In_flight,436,COMPLETE,0.6441228744912892,0.7811388012921352,0.10468485139594112,0.25,0.02617121284898528,0.001,10,19,9,0.1,0.21689427903721517,0.05,0.01084471395186076
Myotis daubentonii,In flight,sdm_tuning_Myotis_daubentonii_In_flight,437,COMPLETE,0.6449899277923322,0.7817363658128066,0.1036068962744549,0.25,0.025901724068613723,0.001,10,19,9,0.1,0.21689427903721517,0.05,0.01084471395186076
Myotis daubentonii,In flight,sdm_tuning_Myotis_daubentonii_In_flight,438,COMPLETE,0.6446393116201791,0.781302372626881,0.10327338821936488,0.25,0.02581834705484122,0.001,10,19,9,0.1,0.21689427903721517,0.05,0.01084471395186076
Myotis daubentonii,In flight,sdm_tuning_Myotis_daubentonii_In_flight,439,COMPLETE,0.6198473528341185,0.7763889877569136,0.10225995995097481,0.25,0.025564989987743703,0.001,10,20,10,0.12000000000000001,0.219532898701028,0.05,0.0109766449350514
Myotis daubentonii,In flight,sdm_tuning_Myotis_daubentonii_In_flight,440,COMPLETE,0.5747853860576024,0.7509302892152686,0.09467755826988816,0.25,0.02366938956747204,0.001,10,21,11,0.142,0.2095102718038825,0.05,0.010475513590194125
Myotis daubentonii,In flight,sdm_tuning_Myotis_daubentonii_In_flight,441,COMPLETE,0.6420456216430895,0.7800509244220685,0.10635466233964021,0.25,0.026588665584910052,0.001,10,19,9,0.1,0.22833274388137928,0.05,0.011416637194068964
Myotis daubentonii,In flight,sdm_tuning_Myotis_daubentonii_In_flight,442,COMPLETE,0.626824681073359,0.7757484049425935,0.07066489633776073,0.25,0.017666224084440182,0.001,10,20,10,0.12000000000000001,0.2251499956958853,0.05,0.011257499784794267
Myotis daubentonii,In flight,sdm_tuning_Myotis_daubentonii_In_flight,443,COMPLETE,0.6259726992565563,0.7602553581109152,0.09442281660697174,0.25,0.023605704151742936,0.001,10,19,9,0.1,0.2135390940523186,0.05,0.010676954702615931
Myotis daubentonii,In flight,sdm_tuning_Myotis_daubentonii_In_flight,444,COMPLETE,0.6212322051691851,0.7747131778206958,0.08760819106213603,0.25,0.02190204776553401,0.001,10,20,10,0.12000000000000001,0.2315784977195324,0.05,0.011578924885976621
Myotis daubentonii,In flight,sdm_tuning_Myotis_daubentonii_In_flight,445,COMPLETE,0.5613519904878865,0.7608213164190812,0.08577947516692341,0.25,0.021444868791730853,0.001,10,22,12,0.166,0.24048914278927516,0.05,0.012024457139463759
Myotis daubentonii,In flight,sdm_tuning_Myotis_daubentonii_In_flight,446,COMPLETE,0.6137899401046604,0.7856691394388672,0.07116633175492497,0.25,0.017791582938731242,0.001,10,21,11,0.142,0.24175232790951096,0.05,0.012087616395475549
Myotis daubentonii,In flight,sdm_tuning_Myotis_daubentonii_In_flight,447,COMPLETE,0.5857346541019934,0.7658322462188569,0.10323143054749274,0.25,0.025807857636873186,0.001,10,21,11,0.142,0.24579468959980583,0.05,0.012289734479990292
Myotis daubentonii,In flight,sdm_tuning_Myotis_daubentonii_In_flight,448,COMPLETE,0.495460288622203,0.7471355090413305,0.07895453820978554,0.25,0.019738634552446385,0.001,10,24,14,0.22,0.23873171733362383,0.05,0.011936585866681192
Myotis daubentonii,In flight,sdm_tuning_Myotis_daubentonii_In_flight,449,COMPLETE,0.5392160138874685,0.7426068695814662,0.10163584676016167,0.25,0.025408961690040418,0.001,10,22,12,0.166,0.23963788007914494,0.05,0.011981894003957248
Myotis daubentonii,In flight,sdm_tuning_Myotis_daubentonii_In_flight,450,COMPLETE,0.6020672483807539,0.7749725311497974,0.07733864818789914,0.25,0.019334662046974784,0.001,10,21,11,0.142,0.23141241444137386,0.05,0.011570620722068693
Myotis daubentonii,In flight,sdm_tuning_Myotis_daubentonii_In_flight,451,COMPLETE,0.5406904996764964,0.7392762786387056,0.08422846070128275,0.25,0.021057115175320686,0.001,10,22,12,0.166,0.23057327573776776,0.05,0.01152866378688839
Myotis daubentonii,In flight,sdm_tuning_Myotis_daubentonii_In_flight,452,COMPLETE,0.5407716214903568,0.7393252441794885,0.08409983560897262,0.25,0.021024958902243155,0.001,10,22,12,0.166,0.23057327573776776,0.05,0.01152866378688839
Myotis daubentonii,In flight,sdm_tuning_Myotis_daubentonii_In_flight,453,COMPLETE,0.5611060627619501,0.7563958962481783,0.07298856897848575,0.25,0.01824714224462144,0.001,10,22,12,0.166,0.2208538248321355,0.05,0.011042691241606777
Myotis daubentonii,In flight,sdm_tuning_Myotis_daubentonii_In_flight,454,COMPLETE,0.5151189027554584,0.7393671886635568,0.08628380531901626,0.25,0.021570951329754066,0.001,10,23,13,0.192,0.2135466915668893,0.05,0.010677334578344466
Myotis daubentonii,In flight,sdm_tuning_Myotis_daubentonii_In_flight,455,COMPLETE,0.5819990051651721,0.7780033741973743,0.07635438819170962,0.25,0.019088597047927404,0.001,10,22,12,0.166,0.21831543968549516,0.05,0.010915771984274758
Myotis daubentonii,In flight,sdm_tuning_Myotis_daubentonii_In_flight,456,COMPLETE,0.5761486311326466,0.7709640886155147,0.07248226537443223,0.25,0.018120566343608056,0.001,10,22,12,0.166,0.21389782278520078,0.05,0.010694891139260039
Myotis daubentonii,In flight,sdm_tuning_Myotis_daubentonii_In_flight,457,COMPLETE,0.5775180509756827,0.7714938855356772,0.06605216623630221,0.25,0.016513041559075552,0.001,10,22,12,0.166,0.22925586001837922,0.05,0.011462793000918962
Myotis daubentonii,In flight,sdm_tuning_Myotis_daubentonii_In_flight,458,COMPLETE,0.5774155809222768,0.7714254647483969,0.06618836330080415,0.25,0.016547090825201036,0.001,10,22,12,0.166,0.22925586001837922,0.05,0.011462793000918962
Myotis daubentonii,In flight,sdm_tuning_Myotis_daubentonii_In_flight,459,COMPLETE,0.535335402454858,0.7835378300789242,0.06246551139764875,0.25,0.015616377849412187,0.001,10,24,14,0.22,0.25172099549307997,0.05,0.012586049774653999
Myotis daubentonii,In flight,sdm_tuning_Myotis_daubentonii_In_flight,460,COMPLETE,0.5194997997188749,0.7720043438824226,0.07965235981621313,0.25,0.019913089954053283,0.001,10,24,14,0.22,0.2518290841898884,0.05,0.012591454209494422
Myotis daubentonii,In flight,sdm_tuning_Myotis_daubentonii_In_flight,461,COMPLETE,0.44774702902257735,0.7648612504157657,0.09235493743362193,0.25,0.023088734358405482,0.001,10,26,16,0.28200000000000003,0.2405097406956553,0.05,0.012025487034782767
Myotis daubentonii,In flight,sdm_tuning_Myotis_daubentonii_In_flight,462,COMPLETE,0.4506597374740433,0.766975354870549,0.08639443625071218,0.25,0.021598609062678045,0.001,10,26,16,0.28200000000000003,0.2543401666765521,0.05,0.012717008333827606
Myotis daubentonii,In flight,sdm_tuning_Myotis_daubentonii_In_flight,463,COMPLETE,0.45064823952111577,0.766940171929043,0.08629969629639828,0.25,0.02157492407409957,0.001,10,26,16,0.28200000000000003,0.2543401666765521,0.05,0.012717008333827606
Myotis daubentonii,In flight,sdm_tuning_Myotis_daubentonii_In_flight,464,COMPLETE,0.5194671827328374,0.7720539270855079,0.07905676331879084,0.25,0.01976419082969771,0.001,10,24,14,0.22,0.2564510704594555,0.05,0.012822553522972775
Myotis daubentonii,In flight,sdm_tuning_Myotis_daubentonii_In_flight,465,COMPLETE,0.49907234637542913,0.7810168596321483,0.0783663078058349,0.25,0.019591576951458724,0.001,10,25,15,0.25,0.2470587261052081,0.05,0.012352936305260406
Myotis daubentonii,In flight,sdm_tuning_Myotis_daubentonii_In_flight,466,COMPLETE,0.5330379595308798,0.785514994010863,0.08160508738477627,0.25,0.02040127184619407,0.001,10,24,14,0.22,0.24151525267578186,0.05,0.012075762633789094
Myotis daubentonii,In flight,sdm_tuning_Myotis_daubentonii_In_flight,467,COMPLETE,0.45363686329016834,0.7380329273467433,0.08817287281508782,0.25,0.022043218203771954,0.001,10,25,15,0.25,0.2470569170560604,0.05,0.01235284585280302
Myotis daubentonii,In flight,sdm_tuning_Myotis_daubentonii_In_flight,468,COMPLETE,0.4799648772713713,0.7344544145882145,0.08847309521344146,0.25,0.022118273803360365,0.001,10,24,14,0.22,0.24742527026965538,0.05,0.01237126351348277
Myotis daubentonii,In flight,sdm_tuning_Myotis_daubentonii_In_flight,469,COMPLETE,0.4273157802164526,0.7468119080009616,0.09968488378362647,0.25,0.024921220945906618,0.001,10,26,16,0.28200000000000003,0.25149813677204674,0.05,0.012574906838602337
Myotis daubentonii,In flight,sdm_tuning_Myotis_daubentonii_In_flight,470,COMPLETE,0.45307067150922925,0.7374901112355055,0.0882663754938926,0.25,0.02206659387347315,0.001,10,25,15,0.25,0.2470569170560604,0.05,0.01235284585280302
Myotis daubentonii,In flight,sdm_tuning_Myotis_daubentonii_In_flight,471,COMPLETE,0.5194367389919388,0.7437791454389342,0.07924805163804928,0.25,0.01981201290951232,0.001,10,23,13,0.192,0.25060787074966445,0.05,0.012530393537483224
Myotis daubentonii,In flight,sdm_tuning_Myotis_daubentonii_In_flight,472,COMPLETE,0.5332416808061273,0.8170971921958262,0.0877432127677613,0.25,0.021935803191940325,0.001,10,25,15,0.25,0.2383941639551703,0.05,0.011919708197758516
Myotis daubentonii,In flight,sdm_tuning_Myotis_daubentonii_In_flight,473,COMPLETE,0.6149377480386289,0.8430248038510554,0.09878066297974228,0.25,0.02469516574493557,0.001,10,23,13,0.192,0.22783780134981924,0.05,0.011391890067490962
Myotis daubentonii,In flight,sdm_tuning_Myotis_daubentonii_In_flight,474,COMPLETE,0.614301364517159,0.7860708995771556,0.07072767465808405,0.25,0.017681918664521012,0.001,10,21,11,0.142,0.24175232790951096,0.05,0.012087616395475549
Myotis daubentonii,In flight,sdm_tuning_Myotis_daubentonii_In_flight,475,COMPLETE,0.5893056572492448,0.81489125454141,0.08715499821224425,0.25,0.021788749553061062,0.001,10,23,13,0.192,0.23593695478208418,0.05,0.01179684773910421
Myotis daubentonii,In flight,sdm_tuning_Myotis_daubentonii_In_flight,476,COMPLETE,0.6384512591699795,0.8375219113624341,0.09036946801713162,0.25,0.022592367004282906,0.001,10,22,12,0.166,0.20956570376343414,0.05,0.010478285188171708
Myotis daubentonii,In flight,sdm_tuning_Myotis_daubentonii_In_flight,477,COMPLETE,0.6425217755326116,0.8421118771860986,0.09244726586126094,0.25,0.023111816465315235,0.001,10,22,12,0.166,0.20956570376343414,0.05,0.010478285188171708
Myotis daubentonii,In flight,sdm_tuning_Myotis_daubentonii_In_flight,478,COMPLETE,0.6427842357639837,0.8423057821080521,0.09217304462358637,0.25,0.023043261155896593,0.001,10,22,12,0.166,0.20956570376343414,0.05,0.010478285188171708
Myotis daubentonii,In flight,sdm_tuning_Myotis_daubentonii_In_flight,479,COMPLETE,0.6623098382819669,0.8368277685254831,0.09135213522707333,0.25,0.022838033806768333,0.001,10,21,11,0.142,0.19359792873495962,0.05,0.009679896436747982
Myotis daubentonii,In flight,sdm_tuning_Myotis_daubentonii_In_flight,480,COMPLETE,0.6625957943335404,0.8369443447490488,0.09067461591504145,0.25,0.02266865397876036,0.001,10,21,11,0.142,0.19359792873495962,0.05,0.009679896436747982
Myotis daubentonii,In flight,sdm_tuning_Myotis_daubentonii_In_flight,481,COMPLETE,0.6625500923660346,0.8172875530731413,0.09791035640095541,0.25,0.024477589100238853,0.001,10,20,10,0.12000000000000001,0.2051974321373569,0.05,0.010259871606867844
Myotis daubentonii,In flight,sdm_tuning_Myotis_daubentonii_In_flight,482,COMPLETE,0.622451012958022,0.7408208422410842,0.09919564548694886,0.25,0.024798911371737214,0.001,10,18,8,0.082,0.23141835822650356,0.05,0.011570917911325179
Myotis daubentonii,In flight,sdm_tuning_Myotis_daubentonii_In_flight,483,COMPLETE,0.6048412863059487,0.8320188039476735,0.09475741351549856,0.25,0.02368935337887464,0.001,10,23,13,0.192,0.229763285257002,0.05,0.0114881642628501
Myotis daubentonii,In flight,sdm_tuning_Myotis_daubentonii_In_flight,484,COMPLETE,0.5661105066270173,0.824091919431405,0.10905115208035604,0.25,0.02726278802008901,0.001,10,24,14,0.22,0.21437249568597397,0.05,0.010718624784298698
Myotis daubentonii,In flight,sdm_tuning_Myotis_daubentonii_In_flight,485,COMPLETE,0.5815952287135779,0.8382634744519315,0.1007424868332931,0.25,0.025185621708323273,0.001,10,24,14,0.22,0.2296524806006061,0.05,0.011482624030030307
Myotis daubentonii,In flight,sdm_tuning_Myotis_daubentonii_In_flight,486,COMPLETE,0.48010488553816105,0.8319086977633038,0.10330401094214468,0.25,0.02582600273553617,0.001,10,27,17,0.316,0.1995561897921321,0.05,0.009977809489606606
Myotis daubentonii,In flight,sdm_tuning_Myotis_daubentonii_In_flight,487,COMPLETE,0.5044536379318775,0.8249279553859769,0.1120033774054133,0.25,0.028000844351353325,0.001,10,26,16,0.28200000000000003,0.20946946205492076,0.05,0.010473473102746038
Myotis daubentonii,In flight,sdm_tuning_Myotis_daubentonii_In_flight,488,COMPLETE,0.543986099691252,0.8345275727330086,0.11470367991223233,0.25,0.028675919978058084,0.001,10,25,15,0.25,0.23731106127396948,0.05,0.011865553063698474
Myotis daubentonii,In flight,sdm_tuning_Myotis_daubentonii_In_flight,489,COMPLETE,0.46747292305919097,0.8263052004166243,0.12798749978460827,0.25,0.03199687494615207,0.001,10,27,17,0.316,0.21670804822562303,0.05,0.010835402411281152
Myotis daubentonii,In flight,sdm_tuning_Myotis_daubentonii_In_flight,490,COMPLETE,0.4931438256880647,0.8197413757093015,0.13642225646484504,0.25,0.03410556411621126,0.001,10,26,16,0.28200000000000003,0.20983971810051025,0.05,0.010491985905025513
Myotis daubentonii,In flight,sdm_tuning_Myotis_daubentonii_In_flight,491,COMPLETE,0.5748984485311726,0.8331377117534372,0.10955486918705142,0.25,0.027388717296762854,0.001,10,24,14,0.22,0.21701091851003676,0.05,0.010850545925501838
Myotis daubentonii,In flight,sdm_tuning_Myotis_daubentonii_In_flight,492,COMPLETE,0.5643224436114285,0.8256450412691031,0.11975676024150482,0.25,0.029939190060376205,0.001,10,24,14,0.22,0.22766815194597045,0.05,0.011383407597298523
Myotis daubentonii,In flight,sdm_tuning_Myotis_daubentonii_In_flight,493,COMPLETE,0.5259579770172038,0.8206612885696526,0.13656578511813772,0.25,0.03414144627953443,0.001,10,25,15,0.25,0.21123730545828803,0.05,0.010561865272914403
Myotis daubentonii,In flight,sdm_tuning_Myotis_daubentonii_In_flight,494,COMPLETE,0.5923958495912462,0.8256687868811025,0.1196450655729474,0.25,0.02991126639323685,0.001,10,23,13,0.192,0.22723341793238663,0.05,0.011361670896619332
Myotis daubentonii,In flight,sdm_tuning_Myotis_daubentonii_In_flight,495,COMPLETE,0.5925502890020127,0.8258009552986176,0.11955598159994237,0.25,0.02988899539998559,0.001,10,23,13,0.192,0.22723341793238663,0.05,0.011361670896619332
Myotis daubentonii,In flight,sdm_tuning_Myotis_daubentonii_In_flight,496,COMPLETE,0.6153090275126131,0.8218130375172455,0.11562189071244872,0.25,0.02890547267811218,0.001,10,22,12,0.166,0.23197074653040636,0.05,0.011598537326520319
Myotis daubentonii,In flight,sdm_tuning_Myotis_daubentonii_In_flight,497,COMPLETE,0.615791766677876,0.8178392608408306,0.09844774321762494,0.25,0.024611935804406234,0.001,10,22,12,0.166,0.2287111671709644,0.05,0.01143555835854822
Myotis daubentonii,In flight,sdm_tuning_Myotis_daubentonii_In_flight,498,COMPLETE,0.6173118523666921,0.8192462394979906,0.09799531509100082,0.25,0.024498828772750204,0.001,10,22,12,0.166,0.2287111671709644,0.05,0.01143555835854822
Myotis daubentonii,In flight,sdm_tuning_Myotis_daubentonii_In_flight,499,COMPLETE,0.6435227363503652,0.8217179044073714,0.10031811260128404,0.25,0.02507952815032101,0.001,10,21,11,0.142,0.22231279813370358,0.05,0.01111563990668518
